Workbook

Sheet 汇总
A2: 未决久期 | B2: 再保前 | C2: 再保后 | F2: 未到期久期 | G2: 再保前 | H2: 再保后
A3: 非融资性保证险 | B3: =B4 -> 0 | C3: =B3 -> 0 | F3: =A3 -> 非融资性保证险 | G3: =G4 -> 0 | H3: =H4 -> 0
A4: 融资性保证险 | B4: =INDIRECT(A4&"!C295") -> 0 | C4: =INDIRECT(A4&"!AS295") -> 0 | F4: =A4 -> 融资性保证险 | G4: =INDIRECT(A4&"!C299") -> 0 | H4: =INDIRECT(A4&"!AS299") -> 0
A5: 财产险 | B5: =INDIRECT(A5&"!C310") -> 0.51726694 | C5: =INDIRECT(A5&"!AY310") -> 0.45177905 | F5: =A5 -> 财产险 | G5: =INDIRECT(A5&"!C314") -> 0.65016097 | H5: =INDIRECT(A5&"!AY314") -> 0.59379024
A6: 车其他 | B6: =INDIRECT(A6&"!C310") -> 0.24054746 | C6: =B6 -> 0.24054746 | F6: =A6 -> 车其他 | G6: =INDIRECT(A6&"!C314") -> 0.43669713 | H6: =G6 -> 0.43669713
A7: 车损 | B7: =INDIRECT(A7&"!C310") -> 0.26627695 | C7: =B7 -> 0.26627695 | F7: =A7 -> 车损 | G7: =INDIRECT(A7&"!C314") -> 0.46012257 | H7: =G7 -> 0.46012257
A8: 健康险 | B8: =INDIRECT(A8&"!C310") -> 0.41731565 | C8: =B8 -> 0.41731565 | F8: =A8 -> 健康险 | G8: =INDIRECT(A8&"!C314") -> 0.57033078 | H8: =健康险!AY314 -> 0.55949977
A9: 交强险 | B9: =INDIRECT(A9&"!C310") -> 0.4096303 | C9: =B9 -> 0.4096303 | F9: =A9 -> 交强险 | G9: =INDIRECT(A9&"!C314") -> 0.55063179 | H9: =G9 -> 0.55063179
A10: 奶牛 | B10: =INDIRECT(A10&"!C310") -> 0.30683273 | C10: =INDIRECT(A10&"!AY310") -> 0.32641064 | F10: =A10 -> 奶牛 | G10: =INDIRECT(A10&"!C314") -> 0.4972425 | H10: =INDIRECT(A10&"!AY314") -> 0.51723809
A11: 能繁母猪 | B11: =INDIRECT(A11&"!C310") -> 0.32013728 | C11: =INDIRECT(A11&"!AY310") -> 0.35464635 | F11: =A11 -> 能繁母猪 | G11: =INDIRECT(A11&"!C314") -> 0.49046375 | H11: =INDIRECT(A11&"!AY314") -> 0.51913819
A12: 秋粮 | B12: =INDIRECT(A12&"!C310") -> 0.72254961 | C12: =INDIRECT(A12&"!AY310") -> 0.60692373 | F12: =A12 -> 秋粮 | G12: =INDIRECT(A12&"!C314") -> 0.85886178 | H12: =INDIRECT(A12&"!AY314") -> 0.78485679
A13: 商业三者 | B13: =INDIRECT(A13&"!C310") -> 0.55013436 | C13: =B13 -> 0.55013436 | F13: =A13 -> 商业三者 | G13: =INDIRECT(A13&"!C314") -> 0.6467783 | H13: =G13 -> 0.6467783
A14: 夏粮 | B14: =INDIRECT(A14&"!C310") -> 0.31138548 | C14: =夏粮!AU310 -> 0.2211924 | F14: =A14 -> 夏粮 | G14: =INDIRECT(A14&"!C314") -> 0.61032806 | H14: =INDIRECT(A14&"!AU314") -> 0.55678369
A15: 养殖险其他 | B15: =INDIRECT(A15&"!C310") -> 0.17548387 | C15: =INDIRECT(A15&"!AY310") -> 0.2140238 | F15: =A15 -> 养殖险其他 | G15: =INDIRECT(A15&"!C314") -> 0.37560044 | H15: =INDIRECT(A15&"!AY314") -> 0.3754093
A16: 意外险 | B16: =INDIRECT(A16&"!C311") -> 0.91086691 | C16: =意外险!AU311 -> 0.93837529 | F16: =A16 -> 意外险 | G16: =INDIRECT(A16&"!C315") -> 0.69183081 | H16: =意外险!AU315 -> 0.7589173
A17: 育肥猪 | B17: =INDIRECT(A17&"!C310") -> 0.3273343 | C17: =育肥猪!AU310 -> 0.35797608 | F17: =A17 -> 育肥猪 | G17: =INDIRECT(A17&"!C314") -> 0.573994 | H17: =育肥猪!AU314 -> 0.57030623
A18: 种植险特色 | B18: =INDIRECT(A18&"!C310") -> 0.23675013 | C18: =种植险特色!AY310 -> 0.19820794 | F18: =A18 -> 种植险特色 | G18: =INDIRECT(A18&"!C314") -> 0.39151414 | H18: =INDIRECT(A18&"!AY314") -> 0.38468961
A23: 未决久期 | B23: 再保前 | C23: 再保后 | F23: 未到期久期 | G23: 再保前 | H23: 再保后
A24: 非融资性保证险 | B24: =非融资性保证险!K260 -> 0 | C24: =B24 -> 0 | F24: =A24 -> 非融资性保证险 | G24: =G25 -> 0 | H24: =H25 -> 0
A25: 融资性保证险 | B25: =融资性保证险!K263 -> 0 | C25: =INDIRECT(A25&"!AS295") -> 0 | F25: =A25 -> 融资性保证险 | G25: =INDIRECT(A25&"!C299") -> 0 | H25: =INDIRECT(A25&"!AS299") -> 0
A26: 财产险 | B26: =INDIRECT(A26&"!K263")+[1]财产险008链梯法!$BC$260 -> 68669735 | C26: =INDIRECT(A26&"!BC263") -> 202303 | F26: =A26 -> 财产险 | G26: =INDIRECT(A26&"!C310") -> 0.51726694 | H26: =INDIRECT(A26&"!AU310") -> 0
A27: 车其他 | B27: =INDIRECT(A27&"!K263") -> 143327.93 | C27: =B27 -> 143327.93 | F27: =A27 -> 车其他 | G27: =INDIRECT(A27&"!C310") -> 0.24054746 | H27: =G27 -> 0.24054746
A28: 车损 | B28: =INDIRECT(A28&"!K263")+E28 -> 13401454 | C28: =B28 -> 13401454 | E28: 12917885 | F28: =A28 -> 车损 | G28: =INDIRECT(A28&"!C310") -> 0.26627695 | H28: =INDIRECT(A28&"!AU310") -> 0
A29: 健康险 | B29: =INDIRECT(A29&"!K263") -> 1.3052183e+08 | C29: =INDIRECT(A29&"!BC263") -> 0 | F29: =A29 -> 健康险 | G29: =INDIRECT(A29&"!C310") -> 0.41731565 | H29: =INDIRECT(A29&"!AU310") -> 0
A30: 交强险 | B30: =INDIRECT(A30&"!K263") -> 28661007 | C30: =B30 -> 28661007 | F30: =A30 -> 交强险 | G30: =INDIRECT(A30&"!C310") -> 0.4096303 | H30: =G30 -> 0.4096303
A31: 奶牛 | B31: =INDIRECT(A31&"!K263") -> 2815158.4 | C31: =INDIRECT(A31&"!BC263") -> 0 | F31: =A31 -> 奶牛 | G31: =INDIRECT(A31&"!C310") -> 0.30683273 | H31: =INDIRECT(A31&"!AU310") -> 0
A32: 能繁母猪 | B32: =INDIRECT(A32&"!K263") -> 6014507.8 | C32: =INDIRECT(A32&"!BC263") -> 0 | F32: =A32 -> 能繁母猪 | G32: =INDIRECT(A32&"!C310") -> 0.32013728 | H32: =INDIRECT(A32&"!AU310") -> 0
A33: 秋粮 | B33: =INDIRECT(A33&"!K263") -> 1.1568627e+08 | C33: =INDIRECT(A33&"!BC263") -> 0 | F33: =A33 -> 秋粮 | G33: =INDIRECT(A33&"!C310") -> 0.72254961 | H33: =INDIRECT(A33&"!AU310") -> 0
A34: 商业三者 | B34: =INDIRECT(A34&"!K263") -> 18179920 | C34: =B34 -> 18179920 | F34: =A34 -> 商业三者 | G34: =INDIRECT(A34&"!C310") -> 0.55013436 | H34: =G34 -> 0.55013436
A35: 夏粮 | B35: =INDIRECT(A35&"!K263")+D43 -> 55382883 | C35: =B35-C43 -> 45544123 | F35: =A35 -> 夏粮 | G35: =INDIRECT(A35&"!C310") -> 0.31138548 | H35: =INDIRECT(A35&"!AU310") -> 0.2211924
A36: 养殖险其他 | B36: =INDIRECT(A36&"!K263") -> 2678724.7 | C36: =INDIRECT(A36&"!BC263") -> 0 | F36: =A36 -> 养殖险其他 | G36: =INDIRECT(A36&"!C310") -> 0.17548387 | H36: =INDIRECT(A36&"!AU310") -> 0
A37: 意外险 | B37: =INDIRECT(A37&"!L264") -> 25746977 | C37: =INDIRECT(A37&"!BD264") -> 25280045 | F37: =A37 -> 意外险 | G37: =INDIRECT(A37&"!C311") -> 0.91086691 | H37: =INDIRECT(A37&"!AU311") -> 0.93837529
A38: 育肥猪 | B38: =INDIRECT(A38&"!K263") -> 37235393 | C38: =INDIRECT(A38&"!BC263") -> 29935624 | F38: =A38 -> 育肥猪 | G38: =INDIRECT(A38&"!C310") -> 0.3273343 | H38: =INDIRECT(A38&"!AU310") -> 0.35797608
A39: 种植险特色 | B39: =INDIRECT(A39&"!K263") -> 33991009 | C39: =INDIRECT(A39&"!BC263") -> 0 | F39: =A39 -> 种植险特色 | G39: =INDIRECT(A39&"!C310") -> 0.23675013 | H39: =INDIRECT(A39&"!AU310") -> 0
C43: 9838759.8 | D43: -1783470.2

Sheet 非融资性保证险
B2: 黄色底格要求可自行填写或输入公式 | AT2: 黄色底格要求可自行填写或输入公式
B3: 再保前 | AT3: 再保后
B4: 累计已决三角形 | AJ4: 单位：人民币元 | AT4: 累计已决三角形 | CB4: 单位：人民币元
B5: 事故月份 | C5: 进展区间 | AT5: 事故月份 | AU5: 进展区间
C6: 1 | D6: 2 | E6: 3 | F6: 4 | G6: 5 | H6: 6 | I6: 7 | J6: 8 | K6: 9 | L6: 10 | M6: 11 | N6: 12 | O6: 13 | P6: 14 | Q6: 15 | R6: 16 | S6: 17 | T6: 18 | U6: 19 | V6: 20 | W6: 21 | X6: 22 | Y6: 23 | Z6: 24 | AA6: 25 | AB6: 26 | AC6: 27 | AD6: 28 | AE6: 29 | AF6: 30 | AG6: 31 | AH6: 32 | AI6: 33 | AJ6: 34 | AK6: 35 | AU6: 1 | AV6: 2 | AW6: 3 | AX6: 4 | AY6: 5 | AZ6: 6 | BA6: 7 | BB6: 8 | BC6: 9 | BD6: 10 | BE6: 11 | BF6: 12 | BG6: 13 | BH6: 14 | BI6: 15 | BJ6: 16 | BK6: 17 | BL6: 18 | BM6: 19 | BN6: 20 | BO6: 21 | BP6: 22 | BQ6: 23 | BR6: 24 | BS6: 25 | BT6: 26 | BU6: 27 | BV6: 28 | BW6: 29 | BX6: 30 | BY6: 31 | BZ6: 32 | CA6: 33 | CB6: 34 | CC6: 35
B7: 201506 | C7: 0 | D7: 0 | E7: 0 | F7: 0 | G7: 0 | H7: 0 | I7: 0 | J7: 0 | K7: 0 | L7: 0 | M7: 0 | N7: 0 | O7: 0 | P7: 0 | Q7: 0 | R7: 0 | S7: 0 | T7: 0 | U7: 0 | V7: 0 | W7: 0 | X7: 0 | Y7: 0 | Z7: 0 | AA7: 0 | AB7: 0 | AC7: 0 | AD7: 0 | AE7: 0 | AF7: 0 | AG7: 0 | AH7: 0 | AI7: 0 | AJ7: 0 | AK7: 0 | AT7: 201506 | AU7: 0 | AV7: 0 | AW7: 0 | AX7: 0 | AY7: 0 | AZ7: 0 | BA7: 0 | BB7: 0 | BC7: 0 | BD7: 0 | BE7: 0 | BF7: 0 | BG7: 0 | BH7: 0 | BI7: 0 | BJ7: 0 | BK7: 0 | BL7: 0 | BM7: 0 | BN7: 0 | BO7: 0 | BP7: 0 | BQ7: 0 | BR7: 0 | BS7: 0 | BT7: 0 | BU7: 0 | BV7: 0 | BW7: 0 | BX7: 0 | BY7: 0 | BZ7: 0 | CA7: 0 | CB7: 0 | CC7: 0
B8: 201509 | C8: 0 | D8: 0 | E8: 0 | F8: 0 | G8: 0 | H8: 0 | I8: 0 | J8: 0 | K8: 0 | L8: 0 | M8: 0 | N8: 0 | O8: 0 | P8: 0 | Q8: 0 | R8: 0 | S8: 0 | T8: 0 | U8: 0 | V8: 0 | W8: 0 | X8: 0 | Y8: 0 | Z8: 0 | AA8: 0 | AB8: 0 | AC8: 0 | AD8: 0 | AE8: 0 | AF8: 0 | AG8: 0 | AH8: 0 | AI8: 0 | AJ8: 0 | AT8: 201509 | AU8: 0 | AV8: 0 | AW8: 0 | AX8: 0 | AY8: 0 | AZ8: 0 | BA8: 0 | BB8: 0 | BC8: 0 | BD8: 0 | BE8: 0 | BF8: 0 | BG8: 0 | BH8: 0 | BI8: 0 | BJ8: 0 | BK8: 0 | BL8: 0 | BM8: 0 | BN8: 0 | BO8: 0 | BP8: 0 | BQ8: 0 | BR8: 0 | BS8: 0 | BT8: 0 | BU8: 0 | BV8: 0 | BW8: 0 | BX8: 0 | BY8: 0 | BZ8: 0 | CA8: 0 | CB8: 0
B9: 201512 | C9: 0 | D9: 0 | E9: 0 | F9: 0 | G9: 0 | H9: 0 | I9: 0 | J9: 0 | K9: 0 | L9: 0 | M9: 0 | N9: 0 | O9: 0 | P9: 0 | Q9: 0 | R9: 0 | S9: 0 | T9: 0 | U9: 0 | V9: 0 | W9: 0 | X9: 0 | Y9: 0 | Z9: 0 | AA9: 0 | AB9: 0 | AC9: 0 | AD9: 0 | AE9: 0 | AF9: 0 | AG9: 0 | AH9: 0 | AI9: 0 | AT9: 201512 | AU9: 0 | AV9: 0 | AW9: 0 | AX9: 0 | AY9: 0 | AZ9: 0 | BA9: 0 | BB9: 0 | BC9: 0 | BD9: 0 | BE9: 0 | BF9: 0 | BG9: 0 | BH9: 0 | BI9: 0 | BJ9: 0 | BK9: 0 | BL9: 0 | BM9: 0 | BN9: 0 | BO9: 0 | BP9: 0 | BQ9: 0 | BR9: 0 | BS9: 0 | BT9: 0 | BU9: 0 | BV9: 0 | BW9: 0 | BX9: 0 | BY9: 0 | BZ9: 0 | CA9: 0
B10: 201603 | C10: 0 | D10: 0 | E10: 0 | F10: 0 | G10: 0 | H10: 0 | I10: 0 | J10: 0 | K10: 0 | L10: 0 | M10: 0 | N10: 0 | O10: 0 | P10: 0 | Q10: 0 | R10: 0 | S10: 0 | T10: 0 | U10: 0 | V10: 0 | W10: 0 | X10: 0 | Y10: 0 | Z10: 0 | AA10: 0 | AB10: 0 | AC10: 0 | AD10: 0 | AE10: 0 | AF10: 0 | AG10: 0 | AH10: 0 | AT10: 201603 | AU10: 0 | AV10: 0 | AW10: 0 | AX10: 0 | AY10: 0 | AZ10: 0 | BA10: 0 | BB10: 0 | BC10: 0 | BD10: 0 | BE10: 0 | BF10: 0 | BG10: 0 | BH10: 0 | BI10: 0 | BJ10: 0 | BK10: 0 | BL10: 0 | BM10: 0 | BN10: 0 | BO10: 0 | BP10: 0 | BQ10: 0 | BR10: 0 | BS10: 0 | BT10: 0 | BU10: 0 | BV10: 0 | BW10: 0 | BX10: 0 | BY10: 0 | BZ10: 0
B11: 201606 | C11: 0 | D11: 0 | E11: 0 | F11: 0 | G11: 0 | H11: 0 | I11: 0 | J11: 0 | K11: 0 | L11: 0 | M11: 0 | N11: 0 | O11: 0 | P11: 0 | Q11: 0 | R11: 0 | S11: 0 | T11: 0 | U11: 0 | V11: 0 | W11: 0 | X11: 0 | Y11: 0 | Z11: 0 | AA11: 0 | AB11: 0 | AC11: 0 | AD11: 0 | AE11: 0 | AF11: 0 | AG11: 0 | AT11: 201606 | AU11: 0 | AV11: 0 | AW11: 0 | AX11: 0 | AY11: 0 | AZ11: 0 | BA11: 0 | BB11: 0 | BC11: 0 | BD11: 0 | BE11: 0 | BF11: 0 | BG11: 0 | BH11: 0 | BI11: 0 | BJ11: 0 | BK11: 0 | BL11: 0 | BM11: 0 | BN11: 0 | BO11: 0 | BP11: 0 | BQ11: 0 | BR11: 0 | BS11: 0 | BT11: 0 | BU11: 0 | BV11: 0 | BW11: 0 | BX11: 0 | BY11: 0
B12: 201609 | C12: 0 | D12: 0 | E12: 0 | F12: 0 | G12: 0 | H12: 0 | I12: 0 | J12: 0 | K12: 0 | L12: 0 | M12: 0 | N12: 0 | O12: 0 | P12: 0 | Q12: 0 | R12: 0 | S12: 0 | T12: 0 | U12: 0 | V12: 0 | W12: 0 | X12: 0 | Y12: 0 | Z12: 0 | AA12: 0 | AB12: 0 | AC12: 0 | AD12: 0 | AE12: 0 | AF12: 0 | AT12: 201609 | AU12: 0 | AV12: 0 | AW12: 0 | AX12: 0 | AY12: 0 | AZ12: 0 | BA12: 0 | BB12: 0 | BC12: 0 | BD12: 0 | BE12: 0 | BF12: 0 | BG12: 0 | BH12: 0 | BI12: 0 | BJ12: 0 | BK12: 0 | BL12: 0 | BM12: 0 | BN12: 0 | BO12: 0 | BP12: 0 | BQ12: 0 | BR12: 0 | BS12: 0 | BT12: 0 | BU12: 0 | BV12: 0 | BW12: 0 | BX12: 0
B13: 201612 | C13: 0 | D13: 0 | E13: 0 | F13: 0 | G13: 0 | H13: 0 | I13: 0 | J13: 0 | K13: 0 | L13: 0 | M13: 0 | N13: 0 | O13: 0 | P13: 0 | Q13: 0 | R13: 0 | S13: 0 | T13: 0 | U13: 0 | V13: 0 | W13: 0 | X13: 0 | Y13: 0 | Z13: 0 | AA13: 0 | AB13: 0 | AC13: 0 | AD13: 0 | AE13: 0 | AT13: 201612 | AU13: 0 | AV13: 0 | AW13: 0 | AX13: 0 | AY13: 0 | AZ13: 0 | BA13: 0 | BB13: 0 | BC13: 0 | BD13: 0 | BE13: 0 | BF13: 0 | BG13: 0 | BH13: 0 | BI13: 0 | BJ13: 0 | BK13: 0 | BL13: 0 | BM13: 0 | BN13: 0 | BO13: 0 | BP13: 0 | BQ13: 0 | BR13: 0 | BS13: 0 | BT13: 0 | BU13: 0 | BV13: 0 | BW13: 0
B14: 201703 | C14: 0 | D14: 0 | E14: 0 | F14: 0 | G14: 0 | H14: 0 | I14: 0 | J14: 0 | K14: 0 | L14: 0 | M14: 0 | N14: 0 | O14: 0 | P14: 0 | Q14: 0 | R14: 0 | S14: 0 | T14: 0 | U14: 0 | V14: 0 | W14: 0 | X14: 0 | Y14: 0 | Z14: 0 | AA14: 0 | AB14: 0 | AC14: 0 | AD14: 0 | AT14: 201703 | AU14: 0 | AV14: 0 | AW14: 0 | AX14: 0 | AY14: 0 | AZ14: 0 | BA14: 0 | BB14: 0 | BC14: 0 | BD14: 0 | BE14: 0 | BF14: 0 | BG14: 0 | BH14: 0 | BI14: 0 | BJ14: 0 | BK14: 0 | BL14: 0 | BM14: 0 | BN14: 0 | BO14: 0 | BP14: 0 | BQ14: 0 | BR14: 0 | BS14: 0 | BT14: 0 | BU14: 0 | BV14: 0
B15: 201706 | C15: 0 | D15: 0 | E15: 0 | F15: 0 | G15: 0 | H15: 0 | I15: 0 | J15: 0 | K15: 0 | L15: 0 | M15: 0 | N15: 0 | O15: 0 | P15: 0 | Q15: 0 | R15: 0 | S15: 0 | T15: 0 | U15: 0 | V15: 0 | W15: 0 | X15: 0 | Y15: 0 | Z15: 0 | AA15: 0 | AB15: 0 | AC15: 0 | AT15: 201706 | AU15: 0 | AV15: 0 | AW15: 0 | AX15: 0 | AY15: 0 | AZ15: 0 | BA15: 0 | BB15: 0 | BC15: 0 | BD15: 0 | BE15: 0 | BF15: 0 | BG15: 0 | BH15: 0 | BI15: 0 | BJ15: 0 | BK15: 0 | BL15: 0 | BM15: 0 | BN15: 0 | BO15: 0 | BP15: 0 | BQ15: 0 | BR15: 0 | BS15: 0 | BT15: 0 | BU15: 0
B16: 201709 | C16: 0 | D16: 0 | E16: 0 | F16: 0 | G16: 0 | H16: 0 | I16: 0 | J16: 0 | K16: 0 | L16: 0 | M16: 0 | N16: 0 | O16: 0 | P16: 0 | Q16: 0 | R16: 0 | S16: 0 | T16: 0 | U16: 0 | V16: 0 | W16: 0 | X16: 0 | Y16: 0 | Z16: 0 | AA16: 0 | AB16: 0 | AT16: 201709 | AU16: 0 | AV16: 0 | AW16: 0 | AX16: 0 | AY16: 0 | AZ16: 0 | BA16: 0 | BB16: 0 | BC16: 0 | BD16: 0 | BE16: 0 | BF16: 0 | BG16: 0 | BH16: 0 | BI16: 0 | BJ16: 0 | BK16: 0 | BL16: 0 | BM16: 0 | BN16: 0 | BO16: 0 | BP16: 0 | BQ16: 0 | BR16: 0 | BS16: 0 | BT16: 0
B17: 201712 | C17: 0 | D17: 0 | E17: 0 | F17: 0 | G17: 0 | H17: 0 | I17: 0 | J17: 0 | K17: 0 | L17: 0 | M17: 0 | N17: 0 | O17: 0 | P17: 0 | Q17: 0 | R17: 0 | S17: 0 | T17: 0 | U17: 0 | V17: 0 | W17: 0 | X17: 0 | Y17: 0 | Z17: 0 | AA17: 0 | AT17: 201712 | AU17: 0 | AV17: 0 | AW17: 0 | AX17: 0 | AY17: 0 | AZ17: 0 | BA17: 0 | BB17: 0 | BC17: 0 | BD17: 0 | BE17: 0 | BF17: 0 | BG17: 0 | BH17: 0 | BI17: 0 | BJ17: 0 | BK17: 0 | BL17: 0 | BM17: 0 | BN17: 0 | BO17: 0 | BP17: 0 | BQ17: 0 | BR17: 0 | BS17: 0
B18: 201803 | C18: 0 | D18: 0 | E18: 0 | F18: 0 | G18: 0 | H18: 0 | I18: 0 | J18: 0 | K18: 0 | L18: 0 | M18: 0 | N18: 0 | O18: 0 | P18: 0 | Q18: 0 | R18: 0 | S18: 0 | T18: 0 | U18: 0 | V18: 0 | W18: 0 | X18: 0 | Y18: 0 | Z18: 0 | AT18: 201803 | AU18: 0 | AV18: 0 | AW18: 0 | AX18: 0 | AY18: 0 | AZ18: 0 | BA18: 0 | BB18: 0 | BC18: 0 | BD18: 0 | BE18: 0 | BF18: 0 | BG18: 0 | BH18: 0 | BI18: 0 | BJ18: 0 | BK18: 0 | BL18: 0 | BM18: 0 | BN18: 0 | BO18: 0 | BP18: 0 | BQ18: 0 | BR18: 0
B19: 201806 | C19: 0 | D19: 0 | E19: 0 | F19: 0 | G19: 0 | H19: 0 | I19: 0 | J19: 0 | K19: 0 | L19: 0 | M19: 0 | N19: 0 | O19: 0 | P19: 0 | Q19: 0 | R19: 0 | S19: 0 | T19: 0 | U19: 0 | V19: 0 | W19: 0 | X19: 0 | Y19: 0 | AT19: 201806 | AU19: 0 | AV19: 0 | AW19: 0 | AX19: 0 | AY19: 0 | AZ19: 0 | BA19: 0 | BB19: 0 | BC19: 0 | BD19: 0 | BE19: 0 | BF19: 0 | BG19: 0 | BH19: 0 | BI19: 0 | BJ19: 0 | BK19: 0 | BL19: 0 | BM19: 0 | BN19: 0 | BO19: 0 | BP19: 0 | BQ19: 0
B20: 201809 | C20: 0 | D20: 0 | E20: 0 | F20: 0 | G20: 0 | H20: 0 | I20: 0 | J20: 0 | K20: 0 | L20: 0 | M20: 0 | N20: 0 | O20: 0 | P20: 0 | Q20: 0 | R20: 0 | S20: 0 | T20: 0 | U20: 0 | V20: 0 | W20: 0 | X20: 0 | AT20: 201809 | AU20: 0 | AV20: 0 | AW20: 0 | AX20: 0 | AY20: 0 | AZ20: 0 | BA20: 0 | BB20: 0 | BC20: 0 | BD20: 0 | BE20: 0 | BF20: 0 | BG20: 0 | BH20: 0 | BI20: 0 | BJ20: 0 | BK20: 0 | BL20: 0 | BM20: 0 | BN20: 0 | BO20: 0 | BP20: 0
B21: 201812 | C21: 0 | D21: 0 | E21: 0 | F21: 0 | G21: 0 | H21: 0 | I21: 0 | J21: 0 | K21: 0 | L21: 0 | M21: 0 | N21: 0 | O21: 0 | P21: 0 | Q21: 0 | R21: 0 | S21: 0 | T21: 0 | U21: 0 | V21: 0 | W21: 0 | AT21: 201812 | AU21: 0 | AV21: 0 | AW21: 0 | AX21: 0 | AY21: 0 | AZ21: 0 | BA21: 0 | BB21: 0 | BC21: 0 | BD21: 0 | BE21: 0 | BF21: 0 | BG21: 0 | BH21: 0 | BI21: 0 | BJ21: 0 | BK21: 0 | BL21: 0 | BM21: 0 | BN21: 0 | BO21: 0
B22: 201903 | C22: 0 | D22: 0 | E22: 0 | F22: 0 | G22: 0 | H22: 0 | I22: 0 | J22: 0 | K22: 0 | L22: 0 | M22: 0 | N22: 0 | O22: 0 | P22: 0 | Q22: 0 | R22: 0 | S22: 0 | T22: 0 | U22: 0 | V22: 0 | AT22: 201903 | AU22: 0 | AV22: 0 | AW22: 0 | AX22: 0 | AY22: 0 | AZ22: 0 | BA22: 0 | BB22: 0 | BC22: 0 | BD22: 0 | BE22: 0 | BF22: 0 | BG22: 0 | BH22: 0 | BI22: 0 | BJ22: 0 | BK22: 0 | BL22: 0 | BM22: 0 | BN22: 0
B23: 201906 | C23: 0 | D23: 0 | E23: 0 | F23: 0 | G23: 0 | H23: 0 | I23: 0 | J23: 0 | K23: 0 | L23: 0 | M23: 0 | N23: 0 | O23: 0 | P23: 0 | Q23: 0 | R23: 0 | S23: 0 | T23: 0 | U23: 0 | AT23: 201906 | AU23: 0 | AV23: 0 | AW23: 0 | AX23: 0 | AY23: 0 | AZ23: 0 | BA23: 0 | BB23: 0 | BC23: 0 | BD23: 0 | BE23: 0 | BF23: 0 | BG23: 0 | BH23: 0 | BI23: 0 | BJ23: 0 | BK23: 0 | BL23: 0 | BM23: 0
B24: 201909 | C24: 0 | D24: 0 | E24: 0 | F24: 0 | G24: 0 | H24: 0 | I24: 0 | J24: 0 | K24: 0 | L24: 0 | M24: 0 | N24: 0 | O24: 0 | P24: 0 | Q24: 0 | R24: 0 | S24: 0 | T24: 0 | AT24: 201909 | AU24: 0 | AV24: 0 | AW24: 0 | AX24: 0 | AY24: 0 | AZ24: 0 | BA24: 0 | BB24: 0 | BC24: 0 | BD24: 0 | BE24: 0 | BF24: 0 | BG24: 0 | BH24: 0 | BI24: 0 | BJ24: 0 | BK24: 0 | BL24: 0
B25: 201912 | C25: 0 | D25: 0 | E25: 0 | F25: 0 | G25: 0 | H25: 0 | I25: 0 | J25: 0 | K25: 0 | L25: 0 | M25: 0 | N25: 0 | O25: 0 | P25: 0 | Q25: 0 | R25: 0 | S25: 0 | AT25: 201912 | AU25: 0 | AV25: 0 | AW25: 0 | AX25: 0 | AY25: 0 | AZ25: 0 | BA25: 0 | BB25: 0 | BC25: 0 | BD25: 0 | BE25: 0 | BF25: 0 | BG25: 0 | BH25: 0 | BI25: 0 | BJ25: 0 | BK25: 0
B26: 202003 | C26: 0 | D26: 0 | E26: 0 | F26: 0 | G26: 0 | H26: 0 | I26: 0 | J26: 0 | K26: 0 | L26: 0 | M26: 0 | N26: 0 | O26: 0 | P26: 0 | Q26: 0 | R26: 0 | AT26: 202003 | AU26: 0 | AV26: 0 | AW26: 0 | AX26: 0 | AY26: 0 | AZ26: 0 | BA26: 0 | BB26: 0 | BC26: 0 | BD26: 0 | BE26: 0 | BF26: 0 | BG26: 0 | BH26: 0 | BI26: 0 | BJ26: 0
B27: 202006 | C27: 0 | D27: 0 | E27: 0 | F27: 0 | G27: 0 | H27: 0 | I27: 0 | J27: 0 | K27: 0 | L27: 0 | M27: 0 | N27: 0 | O27: 0 | P27: 0 | Q27: 0 | AT27: 202006 | AU27: 0 | AV27: 0 | AW27: 0 | AX27: 0 | AY27: 0 | AZ27: 0 | BA27: 0 | BB27: 0 | BC27: 0 | BD27: 0 | BE27: 0 | BF27: 0 | BG27: 0 | BH27: 0 | BI27: 0
B28: 202009 | C28: 0 | D28: 0 | E28: 0 | F28: 0 | G28: 0 | H28: 0 | I28: 0 | J28: 0 | K28: 0 | L28: 0 | M28: 0 | N28: 0 | O28: 0 | P28: 0 | AT28: 202009 | AU28: 0 | AV28: 0 | AW28: 0 | AX28: 0 | AY28: 0 | AZ28: 0 | BA28: 0 | BB28: 0 | BC28: 0 | BD28: 0 | BE28: 0 | BF28: 0 | BG28: 0 | BH28: 0
B29: 202012 | C29: 0 | D29: 0 | E29: 0 | F29: 0 | G29: 0 | H29: 0 | I29: 0 | J29: 0 | K29: 0 | L29: 0 | M29: 0 | N29: 0 | O29: 0 | AT29: 202012 | AU29: 0 | AV29: 0 | AW29: 0 | AX29: 0 | AY29: 0 | AZ29: 0 | BA29: 0 | BB29: 0 | BC29: 0 | BD29: 0 | BE29: 0 | BF29: 0 | BG29: 0
B30: 202103 | C30: 0 | D30: 0 | E30: 0 | F30: 0 | G30: 0 | H30: 0 | I30: 0 | J30: 0 | K30: 0 | L30: 0 | M30: 0 | N30: 0 | AT30: 202103 | AU30: 0 | AV30: 0 | AW30: 0 | AX30: 0 | AY30: 0 | AZ30: 0 | BA30: 0 | BB30: 0 | BC30: 0 | BD30: 0 | BE30: 0 | BF30: 0
B31: 202106 | C31: 0 | D31: 0 | E31: 0 | F31: 0 | G31: 0 | H31: 0 | I31: 0 | J31: 0 | K31: 0 | L31: 0 | M31: 0 | AT31: 202106 | AU31: 0 | AV31: 0 | AW31: 0 | AX31: 0 | AY31: 0 | AZ31: 0 | BA31: 0 | BB31: 0 | BC31: 0 | BD31: 0 | BE31: 0
B32: 202109 | C32: 0 | D32: 0 | E32: 0 | F32: 0 | G32: 0 | H32: 0 | I32: 0 | J32: 0 | K32: 0 | L32: 0 | AT32: 202109 | AU32: 0 | AV32: 0 | AW32: 0 | AX32: 0 | AY32: 0 | AZ32: 0 | BA32: 0 | BB32: 0 | BC32: 0 | BD32: 0
B33: 202112 | C33: 0 | D33: 0 | E33: 0 | F33: 0 | G33: 0 | H33: 0 | I33: 0 | J33: 0 | K33: 0 | AT33: 202112 | AU33: 0 | AV33: 0 | AW33: 0 | AX33: 0 | AY33: 0 | AZ33: 0 | BA33: 0 | BB33: 0 | BC33: 0
B34: 202203 | C34: 0 | D34: 0 | E34: 0 | F34: 0 | G34: 0 | H34: 0 | I34: 0 | J34: 0 | AT34: 202203 | AU34: 0 | AV34: 0 | AW34: 0 | AX34: 0 | AY34: 0 | AZ34: 0 | BA34: 0 | BB34: 0
B35: 202206 | C35: 0 | D35: 0 | E35: 0 | F35: 0 | G35: 0 | H35: 0 | I35: 0 | AT35: 202206 | AU35: 0 | AV35: 0 | AW35: 0 | AX35: 0 | AY35: 0 | AZ35: 0 | BA35: 0
B36: 202209 | C36: 0 | D36: 0 | E36: 0 | F36: 0 | G36: 0 | H36: 0 | AT36: 202209 | AU36: 0 | AV36: 0 | AW36: 0 | AX36: 0 | AY36: 0 | AZ36: 0
B37: 202212 | C37: 0 | D37: 0 | E37: 0 | F37: 0 | G37: 0 | AT37: 202212 | AU37: 0 | AV37: 0 | AW37: 0 | AX37: 0 | AY37: 0
B38: 202303 | C38: 0 | D38: 0 | E38: 0 | F38: 0 | AT38: 202303 | AU38: 0 | AV38: 0 | AW38: 0 | AX38: 0
B39: 202306 | C39: 0 | D39: 0 | E39: 0 | AT39: 202306 | AU39: 0 | AV39: 0 | AW39: 0
B40: 202309 | C40: 0 | D40: 0 | AT40: 202309 | AU40: 0 | AV40: 0
B41: 202312 | C41: 0 | AT41: 202312 | AU41: 0
B43: 已决进展因子 | AT43: 已决进展因子
B44: 事故月份 | C44: 进展区间 | AT44: 事故月份 | AU44: 进展区间
C45: 1 | D45: 2 | E45: 3 | F45: 4 | G45: 5 | H45: 6 | I45: 7 | J45: 8 | K45: 9 | L45: 10 | M45: 11 | N45: 12 | O45: 13 | P45: 14 | Q45: 15 | R45: 16 | S45: 17 | T45: 18 | U45: 19 | V45: 20 | W45: 21 | X45: 22 | Y45: 23 | Z45: 24 | AA45: 25 | AB45: 26 | AC45: 27 | AD45: 28 | AE45: 29 | AF45: 30 | AG45: 31 | AH45: 32 | AI45: 33 | AJ45: 34 | AK45: 35 | AU45: 1 | AV45: 2 | AW45: 3 | AX45: 4 | AY45: 5 | AZ45: 6 | BA45: 7 | BB45: 8 | BC45: 9 | BD45: 10 | BE45: 11 | BF45: 12 | BG45: 13 | BH45: 14 | BI45: 15 | BJ45: 16 | BK45: 17 | BL45: 18 | BM45: 19 | BN45: 20 | BO45: 21 | BP45: 22 | BQ45: 23 | BR45: 24 | BS45: 25 | BT45: 26 | BU45: 27 | BV45: 28 | BW45: 29 | BX45: 30 | BY45: 31 | BZ45: 32 | CA45: 33 | CB45: 34 | CC45: 35
B46: 201506 | C46: =IFERROR(IF(D7="","",D7/C7),0) -> 0 | D46: =IFERROR(IF(E7="","",E7/D7),0) -> 0 | E46: =IFERROR(IF(F7="","",F7/E7),0) -> 0 | F46: =IFERROR(IF(G7="","",G7/F7),0) -> 0 | G46: =IFERROR(IF(H7="","",H7/G7),0) -> 0 | H46: =IFERROR(IF(I7="","",I7/H7),0) -> 0 | I46: =IFERROR(IF(J7="","",J7/I7),0) -> 0 | J46: =IFERROR(IF(K7="","",K7/J7),0) -> 0 | ... AK46: =IFERROR(IF(AL7="","",AL7/AK7),0) | AT46: 201506 | AU46: =IFERROR(IF(AV7="","",AV7/AU7),0) -> 0 | AV46: =IFERROR(IF(AW7="","",AW7/AV7),0) -> 0 | AW46: =IFERROR(IF(AX7="","",AX7/AW7),0) -> 0 | AX46: =IFERROR(IF(AY7="","",AY7/AX7),0) -> 0 | AY46: =IFERROR(IF(AZ7="","",AZ7/AY7),0) -> 0 | AZ46: =IFERROR(IF(BA7="","",BA7/AZ7),0) -> 0 | BA46: =IFERROR(IF(BB7="","",BB7/BA7),0) -> 0 | BB46: =IFERROR(IF(BC7="","",BC7/BB7),0) -> 0 | ... CC46: =IFERROR(IF(CD7="","",CD7/CC7),0)
B47: 201509 | C47: =IFERROR(IF(D8="","",D8/C8),0) -> 0 | D47: =IFERROR(IF(E8="","",E8/D8),0) -> 0 | E47: =IFERROR(IF(F8="","",F8/E8),0) -> 0 | F47: =IFERROR(IF(G8="","",G8/F8),0) -> 0 | G47: =IFERROR(IF(H8="","",H8/G8),0) -> 0 | H47: =IFERROR(IF(I8="","",I8/H8),0) -> 0 | I47: =IFERROR(IF(J8="","",J8/I8),0) -> 0 | J47: =IFERROR(IF(K8="","",K8/J8),0) -> 0 | ... AJ47: =IFERROR(IF(AK8="","",AK8/AJ8),0) | AT47: 201509 | AU47: =IFERROR(IF(AV8="","",AV8/AU8),0) -> 0 | AV47: =IFERROR(IF(AW8="","",AW8/AV8),0) -> 0 | AW47: =IFERROR(IF(AX8="","",AX8/AW8),0) -> 0 | AX47: =IFERROR(IF(AY8="","",AY8/AX8),0) -> 0 | AY47: =IFERROR(IF(AZ8="","",AZ8/AY8),0) -> 0 | AZ47: =IFERROR(IF(BA8="","",BA8/AZ8),0) -> 0 | BA47: =IFERROR(IF(BB8="","",BB8/BA8),0) -> 0 | BB47: =IFERROR(IF(BC8="","",BC8/BB8),0) -> 0 | ... CB47: =IFERROR(IF(CC8="","",CC8/CB8),0)
B48: 201512 | C48: =IFERROR(IF(D9="","",D9/C9),0) -> 0 | D48: =IFERROR(IF(E9="","",E9/D9),0) -> 0 | E48: =IFERROR(IF(F9="","",F9/E9),0) -> 0 | F48: =IFERROR(IF(G9="","",G9/F9),0) -> 0 | G48: =IFERROR(IF(H9="","",H9/G9),0) -> 0 | H48: =IFERROR(IF(I9="","",I9/H9),0) -> 0 | I48: =IFERROR(IF(J9="","",J9/I9),0) -> 0 | J48: =IFERROR(IF(K9="","",K9/J9),0) -> 0 | ... AI48: =IFERROR(IF(AJ9="","",AJ9/AI9),0) | AT48: 201512 | AU48: =IFERROR(IF(AV9="","",AV9/AU9),0) -> 0 | AV48: =IFERROR(IF(AW9="","",AW9/AV9),0) -> 0 | AW48: =IFERROR(IF(AX9="","",AX9/AW9),0) -> 0 | AX48: =IFERROR(IF(AY9="","",AY9/AX9),0) -> 0 | AY48: =IFERROR(IF(AZ9="","",AZ9/AY9),0) -> 0 | AZ48: =IFERROR(IF(BA9="","",BA9/AZ9),0) -> 0 | BA48: =IFERROR(IF(BB9="","",BB9/BA9),0) -> 0 | BB48: =IFERROR(IF(BC9="","",BC9/BB9),0) -> 0 | ... CA48: =IFERROR(IF(CB9="","",CB9/CA9),0)
B49: 201603 | C49: =IFERROR(IF(D10="","",D10/C10),0) -> 0 | D49: =IFERROR(IF(E10="","",E10/D10),0) -> 0 | E49: =IFERROR(IF(F10="","",F10/E10),0) -> 0 | F49: =IFERROR(IF(G10="","",G10/F10),0) -> 0 | G49: =IFERROR(IF(H10="","",H10/G10),0) -> 0 | H49: =IFERROR(IF(I10="","",I10/H10),0) -> 0 | I49: =IFERROR(IF(J10="","",J10/I10),0) -> 0 | J49: =IFERROR(IF(K10="","",K10/J10),0) -> 0 | ... AH49: =IFERROR(IF(AI10="","",AI10/AH10),0) | AT49: 201603 | AU49: =IFERROR(IF(AV10="","",AV10/AU10),0) -> 0 | AV49: =IFERROR(IF(AW10="","",AW10/AV10),0) -> 0 | AW49: =IFERROR(IF(AX10="","",AX10/AW10),0) -> 0 | AX49: =IFERROR(IF(AY10="","",AY10/AX10),0) -> 0 | AY49: =IFERROR(IF(AZ10="","",AZ10/AY10),0) -> 0 | AZ49: =IFERROR(IF(BA10="","",BA10/AZ10),0) -> 0 | BA49: =IFERROR(IF(BB10="","",BB10/BA10),0) -> 0 | BB49: =IFERROR(IF(BC10="","",BC10/BB10),0) -> 0 | ... BZ49: =IFERROR(IF(CA10="","",CA10/BZ10),0)
B50: 201606 | C50: =IFERROR(IF(D11="","",D11/C11),0) -> 0 | D50: =IFERROR(IF(E11="","",E11/D11),0) -> 0 | E50: =IFERROR(IF(F11="","",F11/E11),0) -> 0 | F50: =IFERROR(IF(G11="","",G11/F11),0) -> 0 | G50: =IFERROR(IF(H11="","",H11/G11),0) -> 0 | H50: =IFERROR(IF(I11="","",I11/H11),0) -> 0 | I50: =IFERROR(IF(J11="","",J11/I11),0) -> 0 | J50: =IFERROR(IF(K11="","",K11/J11),0) -> 0 | ... AG50: =IFERROR(IF(AH11="","",AH11/AG11),0) | AT50: 201606 | AU50: =IFERROR(IF(AV11="","",AV11/AU11),0) -> 0 | AV50: =IFERROR(IF(AW11="","",AW11/AV11),0) -> 0 | AW50: =IFERROR(IF(AX11="","",AX11/AW11),0) -> 0 | AX50: =IFERROR(IF(AY11="","",AY11/AX11),0) -> 0 | AY50: =IFERROR(IF(AZ11="","",AZ11/AY11),0) -> 0 | AZ50: =IFERROR(IF(BA11="","",BA11/AZ11),0) -> 0 | BA50: =IFERROR(IF(BB11="","",BB11/BA11),0) -> 0 | BB50: =IFERROR(IF(BC11="","",BC11/BB11),0) -> 0 | ... BY50: =IFERROR(IF(BZ11="","",BZ11/BY11),0)
B51: 201609 | C51: =IFERROR(IF(D12="","",D12/C12),0) -> 0 | D51: =IFERROR(IF(E12="","",E12/D12),0) -> 0 | E51: =IFERROR(IF(F12="","",F12/E12),0) -> 0 | F51: =IFERROR(IF(G12="","",G12/F12),0) -> 0 | G51: =IFERROR(IF(H12="","",H12/G12),0) -> 0 | H51: =IFERROR(IF(I12="","",I12/H12),0) -> 0 | I51: =IFERROR(IF(J12="","",J12/I12),0) -> 0 | J51: =IFERROR(IF(K12="","",K12/J12),0) -> 0 | ... AF51: =IFERROR(IF(AG12="","",AG12/AF12),0) | AT51: 201609 | AU51: =IFERROR(IF(AV12="","",AV12/AU12),0) -> 0 | AV51: =IFERROR(IF(AW12="","",AW12/AV12),0) -> 0 | AW51: =IFERROR(IF(AX12="","",AX12/AW12),0) -> 0 | AX51: =IFERROR(IF(AY12="","",AY12/AX12),0) -> 0 | AY51: =IFERROR(IF(AZ12="","",AZ12/AY12),0) -> 0 | AZ51: =IFERROR(IF(BA12="","",BA12/AZ12),0) -> 0 | BA51: =IFERROR(IF(BB12="","",BB12/BA12),0) -> 0 | BB51: =IFERROR(IF(BC12="","",BC12/BB12),0) -> 0 | ... BX51: =IFERROR(IF(BY12="","",BY12/BX12),0)
B52: 201612 | C52: =IFERROR(IF(D13="","",D13/C13),0) -> 0 | D52: =IFERROR(IF(E13="","",E13/D13),0) -> 0 | E52: =IFERROR(IF(F13="","",F13/E13),0) -> 0 | F52: =IFERROR(IF(G13="","",G13/F13),0) -> 0 | G52: =IFERROR(IF(H13="","",H13/G13),0) -> 0 | H52: =IFERROR(IF(I13="","",I13/H13),0) -> 0 | I52: =IFERROR(IF(J13="","",J13/I13),0) -> 0 | J52: =IFERROR(IF(K13="","",K13/J13),0) -> 0 | ... AE52: =IFERROR(IF(AF13="","",AF13/AE13),0) | AT52: 201612 | AU52: =IFERROR(IF(AV13="","",AV13/AU13),0) -> 0 | AV52: =IFERROR(IF(AW13="","",AW13/AV13),0) -> 0 | AW52: =IFERROR(IF(AX13="","",AX13/AW13),0) -> 0 | AX52: =IFERROR(IF(AY13="","",AY13/AX13),0) -> 0 | AY52: =IFERROR(IF(AZ13="","",AZ13/AY13),0) -> 0 | AZ52: =IFERROR(IF(BA13="","",BA13/AZ13),0) -> 0 | BA52: =IFERROR(IF(BB13="","",BB13/BA13),0) -> 0 | BB52: =IFERROR(IF(BC13="","",BC13/BB13),0) -> 0 | ... BW52: =IFERROR(IF(BX13="","",BX13/BW13),0)
B53: 201703 | C53: =IFERROR(IF(D14="","",D14/C14),0) -> 0 | D53: =IFERROR(IF(E14="","",E14/D14),0) -> 0 | E53: =IFERROR(IF(F14="","",F14/E14),0) -> 0 | F53: =IFERROR(IF(G14="","",G14/F14),0) -> 0 | G53: =IFERROR(IF(H14="","",H14/G14),0) -> 0 | H53: =IFERROR(IF(I14="","",I14/H14),0) -> 0 | I53: =IFERROR(IF(J14="","",J14/I14),0) -> 0 | J53: =IFERROR(IF(K14="","",K14/J14),0) -> 0 | ... AD53: =IFERROR(IF(AE14="","",AE14/AD14),0) | AT53: 201703 | AU53: =IFERROR(IF(AV14="","",AV14/AU14),0) -> 0 | AV53: =IFERROR(IF(AW14="","",AW14/AV14),0) -> 0 | AW53: =IFERROR(IF(AX14="","",AX14/AW14),0) -> 0 | AX53: =IFERROR(IF(AY14="","",AY14/AX14),0) -> 0 | AY53: =IFERROR(IF(AZ14="","",AZ14/AY14),0) -> 0 | AZ53: =IFERROR(IF(BA14="","",BA14/AZ14),0) -> 0 | BA53: =IFERROR(IF(BB14="","",BB14/BA14),0) -> 0 | BB53: =IFERROR(IF(BC14="","",BC14/BB14),0) -> 0 | ... BV53: =IFERROR(IF(BW14="","",BW14/BV14),0)
B54: 201706 | C54: =IFERROR(IF(D15="","",D15/C15),0) -> 0 | D54: =IFERROR(IF(E15="","",E15/D15),0) -> 0 | E54: =IFERROR(IF(F15="","",F15/E15),0) -> 0 | F54: =IFERROR(IF(G15="","",G15/F15),0) -> 0 | G54: =IFERROR(IF(H15="","",H15/G15),0) -> 0 | H54: =IFERROR(IF(I15="","",I15/H15),0) -> 0 | I54: =IFERROR(IF(J15="","",J15/I15),0) -> 0 | J54: =IFERROR(IF(K15="","",K15/J15),0) -> 0 | ... AC54: =IFERROR(IF(AD15="","",AD15/AC15),0) | AT54: 201706 | AU54: =IFERROR(IF(AV15="","",AV15/AU15),0) -> 0 | AV54: =IFERROR(IF(AW15="","",AW15/AV15),0) -> 0 | AW54: =IFERROR(IF(AX15="","",AX15/AW15),0) -> 0 | AX54: =IFERROR(IF(AY15="","",AY15/AX15),0) -> 0 | AY54: =IFERROR(IF(AZ15="","",AZ15/AY15),0) -> 0 | AZ54: =IFERROR(IF(BA15="","",BA15/AZ15),0) -> 0 | BA54: =IFERROR(IF(BB15="","",BB15/BA15),0) -> 0 | BB54: =IFERROR(IF(BC15="","",BC15/BB15),0) -> 0 | ... BU54: =IFERROR(IF(BV15="","",BV15/BU15),0)
B55: 201709 | C55: =IFERROR(IF(D16="","",D16/C16),0) -> 0 | D55: =IFERROR(IF(E16="","",E16/D16),0) -> 0 | E55: =IFERROR(IF(F16="","",F16/E16),0) -> 0 | F55: =IFERROR(IF(G16="","",G16/F16),0) -> 0 | G55: =IFERROR(IF(H16="","",H16/G16),0) -> 0 | H55: =IFERROR(IF(I16="","",I16/H16),0) -> 0 | I55: =IFERROR(IF(J16="","",J16/I16),0) -> 0 | J55: =IFERROR(IF(K16="","",K16/J16),0) -> 0 | ... AB55: =IFERROR(IF(AC16="","",AC16/AB16),0) | AT55: 201709 | AU55: =IFERROR(IF(AV16="","",AV16/AU16),0) -> 0 | AV55: =IFERROR(IF(AW16="","",AW16/AV16),0) -> 0 | AW55: =IFERROR(IF(AX16="","",AX16/AW16),0) -> 0 | AX55: =IFERROR(IF(AY16="","",AY16/AX16),0) -> 0 | AY55: =IFERROR(IF(AZ16="","",AZ16/AY16),0) -> 0 | AZ55: =IFERROR(IF(BA16="","",BA16/AZ16),0) -> 0 | BA55: =IFERROR(IF(BB16="","",BB16/BA16),0) -> 0 | BB55: =IFERROR(IF(BC16="","",BC16/BB16),0) -> 0 | ... BT55: =IFERROR(IF(BU16="","",BU16/BT16),0)
B56: 201712 | C56: =IFERROR(IF(D17="","",D17/C17),0) -> 0 | D56: =IFERROR(IF(E17="","",E17/D17),0) -> 0 | E56: =IFERROR(IF(F17="","",F17/E17),0) -> 0 | F56: =IFERROR(IF(G17="","",G17/F17),0) -> 0 | G56: =IFERROR(IF(H17="","",H17/G17),0) -> 0 | H56: =IFERROR(IF(I17="","",I17/H17),0) -> 0 | I56: =IFERROR(IF(J17="","",J17/I17),0) -> 0 | J56: =IFERROR(IF(K17="","",K17/J17),0) -> 0 | ... AA56: =IFERROR(IF(AB17="","",AB17/AA17),0) | AT56: 201712 | AU56: =IFERROR(IF(AV17="","",AV17/AU17),0) -> 0 | AV56: =IFERROR(IF(AW17="","",AW17/AV17),0) -> 0 | AW56: =IFERROR(IF(AX17="","",AX17/AW17),0) -> 0 | AX56: =IFERROR(IF(AY17="","",AY17/AX17),0) -> 0 | AY56: =IFERROR(IF(AZ17="","",AZ17/AY17),0) -> 0 | AZ56: =IFERROR(IF(BA17="","",BA17/AZ17),0) -> 0 | BA56: =IFERROR(IF(BB17="","",BB17/BA17),0) -> 0 | BB56: =IFERROR(IF(BC17="","",BC17/BB17),0) -> 0 | ... BS56: =IFERROR(IF(BT17="","",BT17/BS17),0)
B57: 201803 | C57: =IFERROR(IF(D18="","",D18/C18),0) -> 0 | D57: =IFERROR(IF(E18="","",E18/D18),0) -> 0 | E57: =IFERROR(IF(F18="","",F18/E18),0) -> 0 | F57: =IFERROR(IF(G18="","",G18/F18),0) -> 0 | G57: =IFERROR(IF(H18="","",H18/G18),0) -> 0 | H57: =IFERROR(IF(I18="","",I18/H18),0) -> 0 | I57: =IFERROR(IF(J18="","",J18/I18),0) -> 0 | J57: =IFERROR(IF(K18="","",K18/J18),0) -> 0 | ... Z57: =IFERROR(IF(AA18="","",AA18/Z18),0) | AT57: 201803 | AU57: =IFERROR(IF(AV18="","",AV18/AU18),0) -> 0 | AV57: =IFERROR(IF(AW18="","",AW18/AV18),0) -> 0 | AW57: =IFERROR(IF(AX18="","",AX18/AW18),0) -> 0 | AX57: =IFERROR(IF(AY18="","",AY18/AX18),0) -> 0 | AY57: =IFERROR(IF(AZ18="","",AZ18/AY18),0) -> 0 | AZ57: =IFERROR(IF(BA18="","",BA18/AZ18),0) -> 0 | BA57: =IFERROR(IF(BB18="","",BB18/BA18),0) -> 0 | BB57: =IFERROR(IF(BC18="","",BC18/BB18),0) -> 0 | ... BR57: =IFERROR(IF(BS18="","",BS18/BR18),0)
B58: 201806 | C58: =IFERROR(IF(D19="","",D19/C19),0) -> 0 | D58: =IFERROR(IF(E19="","",E19/D19),0) -> 0 | E58: =IFERROR(IF(F19="","",F19/E19),0) -> 0 | F58: =IFERROR(IF(G19="","",G19/F19),0) -> 0 | G58: =IFERROR(IF(H19="","",H19/G19),0) -> 0 | H58: =IFERROR(IF(I19="","",I19/H19),0) -> 0 | I58: =IFERROR(IF(J19="","",J19/I19),0) -> 0 | J58: =IFERROR(IF(K19="","",K19/J19),0) -> 0 | ... Y58: =IFERROR(IF(Z19="","",Z19/Y19),0) | AT58: 201806 | AU58: =IFERROR(IF(AV19="","",AV19/AU19),0) -> 0 | AV58: =IFERROR(IF(AW19="","",AW19/AV19),0) -> 0 | AW58: =IFERROR(IF(AX19="","",AX19/AW19),0) -> 0 | AX58: =IFERROR(IF(AY19="","",AY19/AX19),0) -> 0 | AY58: =IFERROR(IF(AZ19="","",AZ19/AY19),0) -> 0 | AZ58: =IFERROR(IF(BA19="","",BA19/AZ19),0) -> 0 | BA58: =IFERROR(IF(BB19="","",BB19/BA19),0) -> 0 | BB58: =IFERROR(IF(BC19="","",BC19/BB19),0) -> 0 | ... BQ58: =IFERROR(IF(BR19="","",BR19/BQ19),0)
B59: 201809 | C59: =IFERROR(IF(D20="","",D20/C20),0) -> 0 | D59: =IFERROR(IF(E20="","",E20/D20),0) -> 0 | E59: =IFERROR(IF(F20="","",F20/E20),0) -> 0 | F59: =IFERROR(IF(G20="","",G20/F20),0) -> 0 | G59: =IFERROR(IF(H20="","",H20/G20),0) -> 0 | H59: =IFERROR(IF(I20="","",I20/H20),0) -> 0 | I59: =IFERROR(IF(J20="","",J20/I20),0) -> 0 | J59: =IFERROR(IF(K20="","",K20/J20),0) -> 0 | ... X59: =IFERROR(IF(Y20="","",Y20/X20),0) | AT59: 201809 | AU59: =IFERROR(IF(AV20="","",AV20/AU20),0) -> 0 | AV59: =IFERROR(IF(AW20="","",AW20/AV20),0) -> 0 | AW59: =IFERROR(IF(AX20="","",AX20/AW20),0) -> 0 | AX59: =IFERROR(IF(AY20="","",AY20/AX20),0) -> 0 | AY59: =IFERROR(IF(AZ20="","",AZ20/AY20),0) -> 0 | AZ59: =IFERROR(IF(BA20="","",BA20/AZ20),0) -> 0 | BA59: =IFERROR(IF(BB20="","",BB20/BA20),0) -> 0 | BB59: =IFERROR(IF(BC20="","",BC20/BB20),0) -> 0 | ... BP59: =IFERROR(IF(BQ20="","",BQ20/BP20),0)
B60: 201812 | C60: =IFERROR(IF(D21="","",D21/C21),0) -> 0 | D60: =IFERROR(IF(E21="","",E21/D21),0) -> 0 | E60: =IFERROR(IF(F21="","",F21/E21),0) -> 0 | F60: =IFERROR(IF(G21="","",G21/F21),0) -> 0 | G60: =IFERROR(IF(H21="","",H21/G21),0) -> 0 | H60: =IFERROR(IF(I21="","",I21/H21),0) -> 0 | I60: =IFERROR(IF(J21="","",J21/I21),0) -> 0 | J60: =IFERROR(IF(K21="","",K21/J21),0) -> 0 | ... W60: =IFERROR(IF(X21="","",X21/W21),0) | AT60: 201812 | AU60: =IFERROR(IF(AV21="","",AV21/AU21),0) -> 0 | AV60: =IFERROR(IF(AW21="","",AW21/AV21),0) -> 0 | AW60: =IFERROR(IF(AX21="","",AX21/AW21),0) -> 0 | AX60: =IFERROR(IF(AY21="","",AY21/AX21),0) -> 0 | AY60: =IFERROR(IF(AZ21="","",AZ21/AY21),0) -> 0 | AZ60: =IFERROR(IF(BA21="","",BA21/AZ21),0) -> 0 | BA60: =IFERROR(IF(BB21="","",BB21/BA21),0) -> 0 | BB60: =IFERROR(IF(BC21="","",BC21/BB21),0) -> 0 | ... BO60: =IFERROR(IF(BP21="","",BP21/BO21),0)
B61: 201903 | C61: =IFERROR(IF(D22="","",D22/C22),0) -> 0 | D61: =IFERROR(IF(E22="","",E22/D22),0) -> 0 | E61: =IFERROR(IF(F22="","",F22/E22),0) -> 0 | F61: =IFERROR(IF(G22="","",G22/F22),0) -> 0 | G61: =IFERROR(IF(H22="","",H22/G22),0) -> 0 | H61: =IFERROR(IF(I22="","",I22/H22),0) -> 0 | I61: =IFERROR(IF(J22="","",J22/I22),0) -> 0 | J61: =IFERROR(IF(K22="","",K22/J22),0) -> 0 | ... V61: =IFERROR(IF(W22="","",W22/V22),0) | AT61: 201903 | AU61: =IFERROR(IF(AV22="","",AV22/AU22),0) -> 0 | AV61: =IFERROR(IF(AW22="","",AW22/AV22),0) -> 0 | AW61: =IFERROR(IF(AX22="","",AX22/AW22),0) -> 0 | AX61: =IFERROR(IF(AY22="","",AY22/AX22),0) -> 0 | AY61: =IFERROR(IF(AZ22="","",AZ22/AY22),0) -> 0 | AZ61: =IFERROR(IF(BA22="","",BA22/AZ22),0) -> 0 | BA61: =IFERROR(IF(BB22="","",BB22/BA22),0) -> 0 | BB61: =IFERROR(IF(BC22="","",BC22/BB22),0) -> 0 | ... BN61: =IFERROR(IF(BO22="","",BO22/BN22),0)
B62: 201906 | C62: =IFERROR(IF(D23="","",D23/C23),0) -> 0 | D62: =IFERROR(IF(E23="","",E23/D23),0) -> 0 | E62: =IFERROR(IF(F23="","",F23/E23),0) -> 0 | F62: =IFERROR(IF(G23="","",G23/F23),0) -> 0 | G62: =IFERROR(IF(H23="","",H23/G23),0) -> 0 | H62: =IFERROR(IF(I23="","",I23/H23),0) -> 0 | I62: =IFERROR(IF(J23="","",J23/I23),0) -> 0 | J62: =IFERROR(IF(K23="","",K23/J23),0) -> 0 | ... U62: =IFERROR(IF(V23="","",V23/U23),0) | AT62: 201906 | AU62: =IFERROR(IF(AV23="","",AV23/AU23),0) -> 0 | AV62: =IFERROR(IF(AW23="","",AW23/AV23),0) -> 0 | AW62: =IFERROR(IF(AX23="","",AX23/AW23),0) -> 0 | AX62: =IFERROR(IF(AY23="","",AY23/AX23),0) -> 0 | AY62: =IFERROR(IF(AZ23="","",AZ23/AY23),0) -> 0 | AZ62: =IFERROR(IF(BA23="","",BA23/AZ23),0) -> 0 | BA62: =IFERROR(IF(BB23="","",BB23/BA23),0) -> 0 | BB62: =IFERROR(IF(BC23="","",BC23/BB23),0) -> 0 | ... BM62: =IFERROR(IF(BN23="","",BN23/BM23),0)
B63: 201909 | C63: =IFERROR(IF(D24="","",D24/C24),0) -> 0 | D63: =IFERROR(IF(E24="","",E24/D24),0) -> 0 | E63: =IFERROR(IF(F24="","",F24/E24),0) -> 0 | F63: =IFERROR(IF(G24="","",G24/F24),0) -> 0 | G63: =IFERROR(IF(H24="","",H24/G24),0) -> 0 | H63: =IFERROR(IF(I24="","",I24/H24),0) -> 0 | I63: =IFERROR(IF(J24="","",J24/I24),0) -> 0 | J63: =IFERROR(IF(K24="","",K24/J24),0) -> 0 | ... T63: =IFERROR(IF(U24="","",U24/T24),0) | AT63: 201909 | AU63: =IFERROR(IF(AV24="","",AV24/AU24),0) -> 0 | AV63: =IFERROR(IF(AW24="","",AW24/AV24),0) -> 0 | AW63: =IFERROR(IF(AX24="","",AX24/AW24),0) -> 0 | AX63: =IFERROR(IF(AY24="","",AY24/AX24),0) -> 0 | AY63: =IFERROR(IF(AZ24="","",AZ24/AY24),0) -> 0 | AZ63: =IFERROR(IF(BA24="","",BA24/AZ24),0) -> 0 | BA63: =IFERROR(IF(BB24="","",BB24/BA24),0) -> 0 | BB63: =IFERROR(IF(BC24="","",BC24/BB24),0) -> 0 | ... BL63: =IFERROR(IF(BM24="","",BM24/BL24),0)
B64: 201912 | C64: =IFERROR(IF(D25="","",D25/C25),0) -> 0 | D64: =IFERROR(IF(E25="","",E25/D25),0) -> 0 | E64: =IFERROR(IF(F25="","",F25/E25),0) -> 0 | F64: =IFERROR(IF(G25="","",G25/F25),0) -> 0 | G64: =IFERROR(IF(H25="","",H25/G25),0) -> 0 | H64: =IFERROR(IF(I25="","",I25/H25),0) -> 0 | I64: =IFERROR(IF(J25="","",J25/I25),0) -> 0 | J64: =IFERROR(IF(K25="","",K25/J25),0) -> 0 | ... S64: =IFERROR(IF(T25="","",T25/S25),0) | AT64: 201912 | AU64: =IFERROR(IF(AV25="","",AV25/AU25),0) -> 0 | AV64: =IFERROR(IF(AW25="","",AW25/AV25),0) -> 0 | AW64: =IFERROR(IF(AX25="","",AX25/AW25),0) -> 0 | AX64: =IFERROR(IF(AY25="","",AY25/AX25),0) -> 0 | AY64: =IFERROR(IF(AZ25="","",AZ25/AY25),0) -> 0 | AZ64: =IFERROR(IF(BA25="","",BA25/AZ25),0) -> 0 | BA64: =IFERROR(IF(BB25="","",BB25/BA25),0) -> 0 | BB64: =IFERROR(IF(BC25="","",BC25/BB25),0) -> 0 | ... BK64: =IFERROR(IF(BL25="","",BL25/BK25),0)
B65: 202003 | C65: =IFERROR(IF(D26="","",D26/C26),0) -> 0 | D65: =IFERROR(IF(E26="","",E26/D26),0) -> 0 | E65: =IFERROR(IF(F26="","",F26/E26),0) -> 0 | F65: =IFERROR(IF(G26="","",G26/F26),0) -> 0 | G65: =IFERROR(IF(H26="","",H26/G26),0) -> 0 | H65: =IFERROR(IF(I26="","",I26/H26),0) -> 0 | I65: =IFERROR(IF(J26="","",J26/I26),0) -> 0 | J65: =IFERROR(IF(K26="","",K26/J26),0) -> 0 | ... R65: =IFERROR(IF(S26="","",S26/R26),0) | AT65: 202003 | AU65: =IFERROR(IF(AV26="","",AV26/AU26),0) -> 0 | AV65: =IFERROR(IF(AW26="","",AW26/AV26),0) -> 0 | AW65: =IFERROR(IF(AX26="","",AX26/AW26),0) -> 0 | AX65: =IFERROR(IF(AY26="","",AY26/AX26),0) -> 0 | AY65: =IFERROR(IF(AZ26="","",AZ26/AY26),0) -> 0 | AZ65: =IFERROR(IF(BA26="","",BA26/AZ26),0) -> 0 | BA65: =IFERROR(IF(BB26="","",BB26/BA26),0) -> 0 | BB65: =IFERROR(IF(BC26="","",BC26/BB26),0) -> 0 | ... BJ65: =IFERROR(IF(BK26="","",BK26/BJ26),0)
B66: 202006 | C66: =IFERROR(IF(D27="","",D27/C27),0) -> 0 | D66: =IFERROR(IF(E27="","",E27/D27),0) -> 0 | E66: =IFERROR(IF(F27="","",F27/E27),0) -> 0 | F66: =IFERROR(IF(G27="","",G27/F27),0) -> 0 | G66: =IFERROR(IF(H27="","",H27/G27),0) -> 0 | H66: =IFERROR(IF(I27="","",I27/H27),0) -> 0 | I66: =IFERROR(IF(J27="","",J27/I27),0) -> 0 | J66: =IFERROR(IF(K27="","",K27/J27),0) -> 0 | ... Q66: =IFERROR(IF(R27="","",R27/Q27),0) | AT66: 202006 | AU66: =IFERROR(IF(AV27="","",AV27/AU27),0) -> 0 | AV66: =IFERROR(IF(AW27="","",AW27/AV27),0) -> 0 | AW66: =IFERROR(IF(AX27="","",AX27/AW27),0) -> 0 | AX66: =IFERROR(IF(AY27="","",AY27/AX27),0) -> 0 | AY66: =IFERROR(IF(AZ27="","",AZ27/AY27),0) -> 0 | AZ66: =IFERROR(IF(BA27="","",BA27/AZ27),0) -> 0 | BA66: =IFERROR(IF(BB27="","",BB27/BA27),0) -> 0 | BB66: =IFERROR(IF(BC27="","",BC27/BB27),0) -> 0 | ... BI66: =IFERROR(IF(BJ27="","",BJ27/BI27),0)
B67: 202009 | C67: =IFERROR(IF(D28="","",D28/C28),0) -> 0 | D67: =IFERROR(IF(E28="","",E28/D28),0) -> 0 | E67: =IFERROR(IF(F28="","",F28/E28),0) -> 0 | F67: =IFERROR(IF(G28="","",G28/F28),0) -> 0 | G67: =IFERROR(IF(H28="","",H28/G28),0) -> 0 | H67: =IFERROR(IF(I28="","",I28/H28),0) -> 0 | I67: =IFERROR(IF(J28="","",J28/I28),0) -> 0 | J67: =IFERROR(IF(K28="","",K28/J28),0) -> 0 | ... P67: =IFERROR(IF(Q28="","",Q28/P28),0) | AT67: 202009 | AU67: =IFERROR(IF(AV28="","",AV28/AU28),0) -> 0 | AV67: =IFERROR(IF(AW28="","",AW28/AV28),0) -> 0 | AW67: =IFERROR(IF(AX28="","",AX28/AW28),0) -> 0 | AX67: =IFERROR(IF(AY28="","",AY28/AX28),0) -> 0 | AY67: =IFERROR(IF(AZ28="","",AZ28/AY28),0) -> 0 | AZ67: =IFERROR(IF(BA28="","",BA28/AZ28),0) -> 0 | BA67: =IFERROR(IF(BB28="","",BB28/BA28),0) -> 0 | BB67: =IFERROR(IF(BC28="","",BC28/BB28),0) -> 0 | ... BH67: =IFERROR(IF(BI28="","",BI28/BH28),0)
B68: 202012 | C68: =IFERROR(IF(D29="","",D29/C29),0) -> 0 | D68: =IFERROR(IF(E29="","",E29/D29),0) -> 0 | E68: =IFERROR(IF(F29="","",F29/E29),0) -> 0 | F68: =IFERROR(IF(G29="","",G29/F29),0) -> 0 | G68: =IFERROR(IF(H29="","",H29/G29),0) -> 0 | H68: =IFERROR(IF(I29="","",I29/H29),0) -> 0 | I68: =IFERROR(IF(J29="","",J29/I29),0) -> 0 | J68: =IFERROR(IF(K29="","",K29/J29),0) -> 0 | ... O68: =IFERROR(IF(P29="","",P29/O29),0) | AT68: 202012 | AU68: =IFERROR(IF(AV29="","",AV29/AU29),0) -> 0 | AV68: =IFERROR(IF(AW29="","",AW29/AV29),0) -> 0 | AW68: =IFERROR(IF(AX29="","",AX29/AW29),0) -> 0 | AX68: =IFERROR(IF(AY29="","",AY29/AX29),0) -> 0 | AY68: =IFERROR(IF(AZ29="","",AZ29/AY29),0) -> 0 | AZ68: =IFERROR(IF(BA29="","",BA29/AZ29),0) -> 0 | BA68: =IFERROR(IF(BB29="","",BB29/BA29),0) -> 0 | BB68: =IFERROR(IF(BC29="","",BC29/BB29),0) -> 0 | ... BG68: =IFERROR(IF(BH29="","",BH29/BG29),0)
B69: 202103 | C69: =IFERROR(IF(D30="","",D30/C30),0) -> 0 | D69: =IFERROR(IF(E30="","",E30/D30),0) -> 0 | E69: =IFERROR(IF(F30="","",F30/E30),0) -> 0 | F69: =IFERROR(IF(G30="","",G30/F30),0) -> 0 | G69: =IFERROR(IF(H30="","",H30/G30),0) -> 0 | H69: =IFERROR(IF(I30="","",I30/H30),0) -> 0 | I69: =IFERROR(IF(J30="","",J30/I30),0) -> 0 | J69: =IFERROR(IF(K30="","",K30/J30),0) -> 0 | ... N69: =IFERROR(IF(O30="","",O30/N30),0) | AT69: 202103 | AU69: =IFERROR(IF(AV30="","",AV30/AU30),0) -> 0 | AV69: =IFERROR(IF(AW30="","",AW30/AV30),0) -> 0 | AW69: =IFERROR(IF(AX30="","",AX30/AW30),0) -> 0 | AX69: =IFERROR(IF(AY30="","",AY30/AX30),0) -> 0 | AY69: =IFERROR(IF(AZ30="","",AZ30/AY30),0) -> 0 | AZ69: =IFERROR(IF(BA30="","",BA30/AZ30),0) -> 0 | BA69: =IFERROR(IF(BB30="","",BB30/BA30),0) -> 0 | BB69: =IFERROR(IF(BC30="","",BC30/BB30),0) -> 0 | ... BF69: =IFERROR(IF(BG30="","",BG30/BF30),0)
B70: 202106 | C70: =IFERROR(IF(D31="","",D31/C31),0) -> 0 | D70: =IFERROR(IF(E31="","",E31/D31),0) -> 0 | E70: =IFERROR(IF(F31="","",F31/E31),0) -> 0 | F70: =IFERROR(IF(G31="","",G31/F31),0) -> 0 | G70: =IFERROR(IF(H31="","",H31/G31),0) -> 0 | H70: =IFERROR(IF(I31="","",I31/H31),0) -> 0 | I70: =IFERROR(IF(J31="","",J31/I31),0) -> 0 | J70: =IFERROR(IF(K31="","",K31/J31),0) -> 0 | ... M70: =IFERROR(IF(N31="","",N31/M31),0) | AT70: 202106 | AU70: =IFERROR(IF(AV31="","",AV31/AU31),0) -> 0 | AV70: =IFERROR(IF(AW31="","",AW31/AV31),0) -> 0 | AW70: =IFERROR(IF(AX31="","",AX31/AW31),0) -> 0 | AX70: =IFERROR(IF(AY31="","",AY31/AX31),0) -> 0 | AY70: =IFERROR(IF(AZ31="","",AZ31/AY31),0) -> 0 | AZ70: =IFERROR(IF(BA31="","",BA31/AZ31),0) -> 0 | BA70: =IFERROR(IF(BB31="","",BB31/BA31),0) -> 0 | BB70: =IFERROR(IF(BC31="","",BC31/BB31),0) -> 0 | ... BE70: =IFERROR(IF(BF31="","",BF31/BE31),0)
B71: 202109 | C71: =IFERROR(IF(D32="","",D32/C32),0) -> 0 | D71: =IFERROR(IF(E32="","",E32/D32),0) -> 0 | E71: =IFERROR(IF(F32="","",F32/E32),0) -> 0 | F71: =IFERROR(IF(G32="","",G32/F32),0) -> 0 | G71: =IFERROR(IF(H32="","",H32/G32),0) -> 0 | H71: =IFERROR(IF(I32="","",I32/H32),0) -> 0 | I71: =IFERROR(IF(J32="","",J32/I32),0) -> 0 | J71: =IFERROR(IF(K32="","",K32/J32),0) -> 0 | ... L71: =IFERROR(IF(M32="","",M32/L32),0) | AT71: 202109 | AU71: =IFERROR(IF(AV32="","",AV32/AU32),0) -> 0 | AV71: =IFERROR(IF(AW32="","",AW32/AV32),0) -> 0 | AW71: =IFERROR(IF(AX32="","",AX32/AW32),0) -> 0 | AX71: =IFERROR(IF(AY32="","",AY32/AX32),0) -> 0 | AY71: =IFERROR(IF(AZ32="","",AZ32/AY32),0) -> 0 | AZ71: =IFERROR(IF(BA32="","",BA32/AZ32),0) -> 0 | BA71: =IFERROR(IF(BB32="","",BB32/BA32),0) -> 0 | BB71: =IFERROR(IF(BC32="","",BC32/BB32),0) -> 0 | ... BD71: =IFERROR(IF(BE32="","",BE32/BD32),0)
B72: 202112 | C72: =IFERROR(IF(D33="","",D33/C33),0) -> 0 | D72: =IFERROR(IF(E33="","",E33/D33),0) -> 0 | E72: =IFERROR(IF(F33="","",F33/E33),0) -> 0 | F72: =IFERROR(IF(G33="","",G33/F33),0) -> 0 | G72: =IFERROR(IF(H33="","",H33/G33),0) -> 0 | H72: =IFERROR(IF(I33="","",I33/H33),0) -> 0 | I72: =IFERROR(IF(J33="","",J33/I33),0) -> 0 | J72: =IFERROR(IF(K33="","",K33/J33),0) -> 0 | K72: =IFERROR(IF(L33="","",L33/K33),0) | AT72: 202112 | AU72: =IFERROR(IF(AV33="","",AV33/AU33),0) -> 0 | AV72: =IFERROR(IF(AW33="","",AW33/AV33),0) -> 0 | AW72: =IFERROR(IF(AX33="","",AX33/AW33),0) -> 0 | AX72: =IFERROR(IF(AY33="","",AY33/AX33),0) -> 0 | AY72: =IFERROR(IF(AZ33="","",AZ33/AY33),0) -> 0 | AZ72: =IFERROR(IF(BA33="","",BA33/AZ33),0) -> 0 | BA72: =IFERROR(IF(BB33="","",BB33/BA33),0) -> 0 | BB72: =IFERROR(IF(BC33="","",BC33/BB33),0) -> 0 | BC72: =IFERROR(IF(BD33="","",BD33/BC33),0)
B73: 202203 | C73: =IFERROR(IF(D34="","",D34/C34),0) -> 0 | D73: =IFERROR(IF(E34="","",E34/D34),0) -> 0 | E73: =IFERROR(IF(F34="","",F34/E34),0) -> 0 | F73: =IFERROR(IF(G34="","",G34/F34),0) -> 0 | G73: =IFERROR(IF(H34="","",H34/G34),0) -> 0 | H73: =IFERROR(IF(I34="","",I34/H34),0) -> 0 | I73: =IFERROR(IF(J34="","",J34/I34),0) -> 0 | J73: =IFERROR(IF(K34="","",K34/J34),0) | AT73: 202203 | AU73: =IFERROR(IF(AV34="","",AV34/AU34),0) -> 0 | AV73: =IFERROR(IF(AW34="","",AW34/AV34),0) -> 0 | AW73: =IFERROR(IF(AX34="","",AX34/AW34),0) -> 0 | AX73: =IFERROR(IF(AY34="","",AY34/AX34),0) -> 0 | AY73: =IFERROR(IF(AZ34="","",AZ34/AY34),0) -> 0 | AZ73: =IFERROR(IF(BA34="","",BA34/AZ34),0) -> 0 | BA73: =IFERROR(IF(BB34="","",BB34/BA34),0) -> 0 | BB73: =IFERROR(IF(BC34="","",BC34/BB34),0)
B74: 202206 | C74: =IFERROR(IF(D35="","",D35/C35),0) -> 0 | D74: =IFERROR(IF(E35="","",E35/D35),0) -> 0 | E74: =IFERROR(IF(F35="","",F35/E35),0) -> 0 | F74: =IFERROR(IF(G35="","",G35/F35),0) -> 0 | G74: =IFERROR(IF(H35="","",H35/G35),0) -> 0 | H74: =IFERROR(IF(I35="","",I35/H35),0) -> 0 | I74: =IFERROR(IF(J35="","",J35/I35),0) | AT74: 202206 | AU74: =IFERROR(IF(AV35="","",AV35/AU35),0) -> 0 | AV74: =IFERROR(IF(AW35="","",AW35/AV35),0) -> 0 | AW74: =IFERROR(IF(AX35="","",AX35/AW35),0) -> 0 | AX74: =IFERROR(IF(AY35="","",AY35/AX35),0) -> 0 | AY74: =IFERROR(IF(AZ35="","",AZ35/AY35),0) -> 0 | AZ74: =IFERROR(IF(BA35="","",BA35/AZ35),0) -> 0 | BA74: =IFERROR(IF(BB35="","",BB35/BA35),0)
B75: 202209 | C75: =IFERROR(IF(D36="","",D36/C36),0) -> 0 | D75: =IFERROR(IF(E36="","",E36/D36),0) -> 0 | E75: =IFERROR(IF(F36="","",F36/E36),0) -> 0 | F75: =IFERROR(IF(G36="","",G36/F36),0) -> 0 | G75: =IFERROR(IF(H36="","",H36/G36),0) -> 0 | H75: =IFERROR(IF(I36="","",I36/H36),0) | AT75: 202209 | AU75: =IFERROR(IF(AV36="","",AV36/AU36),0) -> 0 | AV75: =IFERROR(IF(AW36="","",AW36/AV36),0) -> 0 | AW75: =IFERROR(IF(AX36="","",AX36/AW36),0) -> 0 | AX75: =IFERROR(IF(AY36="","",AY36/AX36),0) -> 0 | AY75: =IFERROR(IF(AZ36="","",AZ36/AY36),0) -> 0 | AZ75: =IFERROR(IF(BA36="","",BA36/AZ36),0)
B76: 202212 | C76: =IFERROR(IF(D37="","",D37/C37),0) -> 0 | D76: =IFERROR(IF(E37="","",E37/D37),0) -> 0 | E76: =IFERROR(IF(F37="","",F37/E37),0) -> 0 | F76: =IFERROR(IF(G37="","",G37/F37),0) -> 0 | G76: =IFERROR(IF(H37="","",H37/G37),0) | AT76: 202212 | AU76: =IFERROR(IF(AV37="","",AV37/AU37),0) -> 0 | AV76: =IFERROR(IF(AW37="","",AW37/AV37),0) -> 0 | AW76: =IFERROR(IF(AX37="","",AX37/AW37),0) -> 0 | AX76: =IFERROR(IF(AY37="","",AY37/AX37),0) -> 0 | AY76: =IFERROR(IF(AZ37="","",AZ37/AY37),0)
B77: 202303 | C77: =IFERROR(IF(D38="","",D38/C38),0) -> 0 | D77: =IFERROR(IF(E38="","",E38/D38),0) -> 0 | E77: =IFERROR(IF(F38="","",F38/E38),0) -> 0 | F77: =IFERROR(IF(G38="","",G38/F38),0) | AT77: 202303 | AU77: =IFERROR(IF(AV38="","",AV38/AU38),0) -> 0 | AV77: =IFERROR(IF(AW38="","",AW38/AV38),0) -> 0 | AW77: =IFERROR(IF(AX38="","",AX38/AW38),0) -> 0 | AX77: =IFERROR(IF(AY38="","",AY38/AX38),0)
B78: 202306 | C78: =IFERROR(IF(D39="","",D39/C39),0) -> 0 | D78: =IFERROR(IF(E39="","",E39/D39),0) -> 0 | E78: =IFERROR(IF(F39="","",F39/E39),0) | AT78: 202306 | AU78: =IFERROR(IF(AV39="","",AV39/AU39),0) -> 0 | AV78: =IFERROR(IF(AW39="","",AW39/AV39),0) -> 0 | AW78: =IFERROR(IF(AX39="","",AX39/AW39),0)
B79: 202309 | C79: =IFERROR(IF(D40="","",D40/C40),0) -> 0 | D79: =IFERROR(IF(E40="","",E40/D40),0) | AT79: 202309 | AU79: =IFERROR(IF(AV40="","",AV40/AU40),0) -> 0 | AV79: =IFERROR(IF(AW40="","",AW40/AV40),0)
B80: 202312 | C80: =IFERROR(IF(D41="","",D41/C41),0) | AT80: 202312 | AU80: =IFERROR(IF(AV41="","",AV41/AU41),0)
B81: 除最值平均 | C81: =IFERROR(IF(COUNT(C46:C79)-2<=0,0,(SUM(C46:C79)-MAX(C46:C79)-MIN(C46:C79))/(COUNT(C46:C79)-2)),0) -> 0 | D81: =IFERROR(IF(COUNT(D46:D78)-2<=0,0,(SUM(D46:D78)-MAX(D46:D78)-MIN(D46:D78))/(COUNT(D46:D78)-2)),0) -> 0 | E81: =IFERROR(IF(COUNT(E46:E77)-2<=0,0,(SUM(E46:E77)-MAX(E46:E77)-MIN(E46:E77))/(COUNT(E46:E77)-2)),0) -> 0 | F81: =IFERROR(IF(COUNT(F46:F76)-2<=0,0,(SUM(F46:F76)-MAX(F46:F76)-MIN(F46:F76))/(COUNT(F46:F76)-2)),0) -> 0 | G81: =IFERROR(IF(COUNT(G46:G75)-2<=0,0,(SUM(G46:G75)-MAX(G46:G75)-MIN(G46:G75))/(COUNT(G46:G75)-2)),0) -> 0 | H81: =IFERROR(IF(COUNT(H46:H74)-2<=0,0,(SUM(H46:H74)-MAX(H46:H74)-MIN(H46:H74))/(COUNT(H46:H74)-2)),0) -> 0 | I81: =IFERROR(IF(COUNT(I46:I73)-2<=0,0,(SUM(I46:I73)-MAX(I46:I73)-MIN(I46:I73))/(COUNT(I46:I73)-2)),0) -> 0 | J81: =IFERROR(IF(COUNT(J46:J72)-2<=0,0,(SUM(J46:J72)-MAX(J46:J72)-MIN(J46:J72))/(COUNT(J46:J72)-2)),0) -> 0 | K81: =IFERROR(IF(COUNT(K46:K71)-2<=0,0,(SUM(K46:K71)-MAX(K46:K71)-MIN(K46:K71))/(COUNT(K46:K71)-2)),0) -> 0 | L81: =IFERROR(IF(COUNT(L46:L70)-2<=0,0,(SUM(L46:L70)-MAX(L46:L70)-MIN(L46:L70))/(COUNT(L46:L70)-2)),0) -> 0 | M81: =IFERROR(IF(COUNT(M46:M69)-2<=0,0,(SUM(M46:M69)-MAX(M46:M69)-MIN(M46:M69))/(COUNT(M46:M69)-2)),0) -> 0 | N81: =IFERROR(IF(COUNT(N46:N68)-2<=0,0,(SUM(N46:N68)-MAX(N46:N68)-MIN(N46:N68))/(COUNT(N46:N68)-2)),0) -> 0 | O81: =IFERROR(IF(COUNT(O46:O67)-2<=0,0,(SUM(O46:O67)-MAX(O46:O67)-MIN(O46:O67))/(COUNT(O46:O67)-2)),0) -> 0 | P81: =IFERROR(IF(COUNT(P46:P66)-2<=0,0,(SUM(P46:P66)-MAX(P46:P66)-MIN(P46:P66))/(COUNT(P46:P66)-2)),0) -> 0 | Q81: =IFERROR(IF(COUNT(Q46:Q65)-2<=0,0,(SUM(Q46:Q65)-MAX(Q46:Q65)-MIN(Q46:Q65))/(COUNT(Q46:Q65)-2)),0) -> 0 | R81: =IFERROR(IF(COUNT(R46:R64)-2<=0,0,(SUM(R46:R64)-MAX(R46:R64)-MIN(R46:R64))/(COUNT(R46:R64)-2)),0) -> 0 | S81: =IFERROR(IF(COUNT(S46:S63)-2<=0,0,(SUM(S46:S63)-MAX(S46:S63)-MIN(S46:S63))/(COUNT(S46:S63)-2)),0) -> 0 | T81: =IFERROR(IF(COUNT(T46:T62)-2<=0,0,(SUM(T46:T62)-MAX(T46:T62)-MIN(T46:T62))/(COUNT(T46:T62)-2)),0) -> 0 | U81: =IFERROR(IF(COUNT(U46:U61)-2<=0,0,(SUM(U46:U61)-MAX(U46:U61)-MIN(U46:U61))/(COUNT(U46:U61)-2)),0) -> 0 | V81: =IFERROR(IF(COUNT(V46:V60)-2<=0,0,(SUM(V46:V60)-MAX(V46:V60)-MIN(V46:V60))/(COUNT(V46:V60)-2)),0) -> 0 | W81: =IFERROR(IF(COUNT(W46:W59)-2<=0,0,(SUM(W46:W59)-MAX(W46:W59)-MIN(W46:W59))/(COUNT(W46:W59)-2)),0) -> 0 | X81: =IFERROR(IF(COUNT(X46:X58)-2<=0,0,(SUM(X46:X58)-MAX(X46:X58)-MIN(X46:X58))/(COUNT(X46:X58)-2)),0) -> 0 | Y81: =IFERROR(IF(COUNT(Y46:Y57)-2<=0,0,(SUM(Y46:Y57)-MAX(Y46:Y57)-MIN(Y46:Y57))/(COUNT(Y46:Y57)-2)),0) -> 0 | Z81: =IFERROR(IF(COUNT(Z46:Z56)-2<=0,0,(SUM(Z46:Z56)-MAX(Z46:Z56)-MIN(Z46:Z56))/(COUNT(Z46:Z56)-2)),0) -> 0 | AA81: =IFERROR(IF(COUNT(AA46:AA55)-2<=0,0,(SUM(AA46:AA55)-MAX(AA46:AA55)-MIN(AA46:AA55))/(COUNT(AA46:AA55)-2)),0) -> 0 | AB81: =IFERROR(IF(COUNT(AB46:AB54)-2<=0,0,(SUM(AB46:AB54)-MAX(AB46:AB54)-MIN(AB46:AB54))/(COUNT(AB46:AB54)-2)),0) -> 0 | AC81: =IFERROR(IF(COUNT(AC46:AC53)-2<=0,0,(SUM(AC46:AC53)-MAX(AC46:AC53)-MIN(AC46:AC53))/(COUNT(AC46:AC53)-2)),0) -> 0 | AD81: =IFERROR(IF(COUNT(AD46:AD52)-2<=0,0,(SUM(AD46:AD52)-MAX(AD46:AD52)-MIN(AD46:AD52))/(COUNT(AD46:AD52)-2)),0) -> 0 | AE81: =IFERROR(IF(COUNT(AE46:AE51)-2<=0,0,(SUM(AE46:AE51)-MAX(AE46:AE51)-MIN(AE46:AE51))/(COUNT(AE46:AE51)-2)),0) -> 0 | AF81: =IFERROR(IF(COUNT(AF46:AF50)-2<=0,0,(SUM(AF46:AF50)-MAX(AF46:AF50)-MIN(AF46:AF50))/(COUNT(AF46:AF50)-2)),0) -> 0 | AG81: =IFERROR(IF(COUNT(AG46:AG49)-2<=0,0,(SUM(AG46:AG49)-MAX(AG46:AG49)-MIN(AG46:AG49))/(COUNT(AG46:AG49)-2)),0) -> 0 | AH81: =IFERROR(IF(COUNT(AH46:AH48)-2<=0,0,(SUM(AH46:AH48)-MAX(AH46:AH48)-MIN(AH46:AH48))/(COUNT(AH46:AH48)-2)),0) -> 0 | AI81: =IFERROR(IF(COUNT(AI46:AI47)-2<=0,0,(SUM(AI46:AI47)-MAX(AI46:AI47)-MIN(AI46:AI47))/(COUNT(AI46:AI47)-2)),0) -> 0 | AJ81: =IFERROR(IF(COUNT(AJ46:AJ46)-2<=0,0,(SUM(AJ46:AJ46)-MAX(AJ46:AJ46)-MIN(AJ46:AJ46))/(COUNT(AJ46:AJ46)-2)),0) -> 0 | AT81: 除最值平均 | AU81: =IFERROR(IF(COUNT(AU46:AU79)-2<=0,0,(SUM(AU46:AU79)-MAX(AU46:AU79)-MIN(AU46:AU79))/(COUNT(AU46:AU79)-2)),0) -> 0 | AV81: =IFERROR(IF(COUNT(AV46:AV78)-2<=0,0,(SUM(AV46:AV78)-MAX(AV46:AV78)-MIN(AV46:AV78))/(COUNT(AV46:AV78)-2)),0) -> 0 | AW81: =IFERROR(IF(COUNT(AW46:AW77)-2<=0,0,(SUM(AW46:AW77)-MAX(AW46:AW77)-MIN(AW46:AW77))/(COUNT(AW46:AW77)-2)),0) -> 0 | AX81: =IFERROR(IF(COUNT(AX46:AX76)-2<=0,0,(SUM(AX46:AX76)-MAX(AX46:AX76)-MIN(AX46:AX76))/(COUNT(AX46:AX76)-2)),0) -> 0 | AY81: =IFERROR(IF(COUNT(AY46:AY75)-2<=0,0,(SUM(AY46:AY75)-MAX(AY46:AY75)-MIN(AY46:AY75))/(COUNT(AY46:AY75)-2)),0) -> 0 | AZ81: =IFERROR(IF(COUNT(AZ46:AZ74)-2<=0,0,(SUM(AZ46:AZ74)-MAX(AZ46:AZ74)-MIN(AZ46:AZ74))/(COUNT(AZ46:AZ74)-2)),0) -> 0 | BA81: =IFERROR(IF(COUNT(BA46:BA73)-2<=0,0,(SUM(BA46:BA73)-MAX(BA46:BA73)-MIN(BA46:BA73))/(COUNT(BA46:BA73)-2)),0) -> 0 | BB81: =IFERROR(IF(COUNT(BB46:BB72)-2<=0,0,(SUM(BB46:BB72)-MAX(BB46:BB72)-MIN(BB46:BB72))/(COUNT(BB46:BB72)-2)),0) -> 0 | BC81: =IFERROR(IF(COUNT(BC46:BC71)-2<=0,0,(SUM(BC46:BC71)-MAX(BC46:BC71)-MIN(BC46:BC71))/(COUNT(BC46:BC71)-2)),0) -> 0 | BD81: =IFERROR(IF(COUNT(BD46:BD70)-2<=0,0,(SUM(BD46:BD70)-MAX(BD46:BD70)-MIN(BD46:BD70))/(COUNT(BD46:BD70)-2)),0) -> 0 | BE81: =IFERROR(IF(COUNT(BE46:BE69)-2<=0,0,(SUM(BE46:BE69)-MAX(BE46:BE69)-MIN(BE46:BE69))/(COUNT(BE46:BE69)-2)),0) -> 0 | BF81: =IFERROR(IF(COUNT(BF46:BF68)-2<=0,0,(SUM(BF46:BF68)-MAX(BF46:BF68)-MIN(BF46:BF68))/(COUNT(BF46:BF68)-2)),0) -> 0 | BG81: =IFERROR(IF(COUNT(BG46:BG67)-2<=0,0,(SUM(BG46:BG67)-MAX(BG46:BG67)-MIN(BG46:BG67))/(COUNT(BG46:BG67)-2)),0) -> 0 | BH81: =IFERROR(IF(COUNT(BH46:BH66)-2<=0,0,(SUM(BH46:BH66)-MAX(BH46:BH66)-MIN(BH46:BH66))/(COUNT(BH46:BH66)-2)),0) -> 0 | BI81: =IFERROR(IF(COUNT(BI46:BI65)-2<=0,0,(SUM(BI46:BI65)-MAX(BI46:BI65)-MIN(BI46:BI65))/(COUNT(BI46:BI65)-2)),0) -> 0 | BJ81: =IFERROR(IF(COUNT(BJ46:BJ64)-2<=0,0,(SUM(BJ46:BJ64)-MAX(BJ46:BJ64)-MIN(BJ46:BJ64))/(COUNT(BJ46:BJ64)-2)),0) -> 0 | BK81: =IFERROR(IF(COUNT(BK46:BK63)-2<=0,0,(SUM(BK46:BK63)-MAX(BK46:BK63)-MIN(BK46:BK63))/(COUNT(BK46:BK63)-2)),0) -> 0 | BL81: =IFERROR(IF(COUNT(BL46:BL62)-2<=0,0,(SUM(BL46:BL62)-MAX(BL46:BL62)-MIN(BL46:BL62))/(COUNT(BL46:BL62)-2)),0) -> 0 | BM81: =IFERROR(IF(COUNT(BM46:BM61)-2<=0,0,(SUM(BM46:BM61)-MAX(BM46:BM61)-MIN(BM46:BM61))/(COUNT(BM46:BM61)-2)),0) -> 0 | BN81: =IFERROR(IF(COUNT(BN46:BN60)-2<=0,0,(SUM(BN46:BN60)-MAX(BN46:BN60)-MIN(BN46:BN60))/(COUNT(BN46:BN60)-2)),0) -> 0 | BO81: =IFERROR(IF(COUNT(BO46:BO59)-2<=0,0,(SUM(BO46:BO59)-MAX(BO46:BO59)-MIN(BO46:BO59))/(COUNT(BO46:BO59)-2)),0) -> 0 | BP81: =IFERROR(IF(COUNT(BP46:BP58)-2<=0,0,(SUM(BP46:BP58)-MAX(BP46:BP58)-MIN(BP46:BP58))/(COUNT(BP46:BP58)-2)),0) -> 0 | BQ81: =IFERROR(IF(COUNT(BQ46:BQ57)-2<=0,0,(SUM(BQ46:BQ57)-MAX(BQ46:BQ57)-MIN(BQ46:BQ57))/(COUNT(BQ46:BQ57)-2)),0) -> 0 | BR81: =IFERROR(IF(COUNT(BR46:BR56)-2<=0,0,(SUM(BR46:BR56)-MAX(BR46:BR56)-MIN(BR46:BR56))/(COUNT(BR46:BR56)-2)),0) -> 0 | BS81: =IFERROR(IF(COUNT(BS46:BS55)-2<=0,0,(SUM(BS46:BS55)-MAX(BS46:BS55)-MIN(BS46:BS55))/(COUNT(BS46:BS55)-2)),0) -> 0 | BT81: =IFERROR(IF(COUNT(BT46:BT54)-2<=0,0,(SUM(BT46:BT54)-MAX(BT46:BT54)-MIN(BT46:BT54))/(COUNT(BT46:BT54)-2)),0) -> 0 | BU81: =IFERROR(IF(COUNT(BU46:BU53)-2<=0,0,(SUM(BU46:BU53)-MAX(BU46:BU53)-MIN(BU46:BU53))/(COUNT(BU46:BU53)-2)),0) -> 0 | BV81: =IFERROR(IF(COUNT(BV46:BV52)-2<=0,0,(SUM(BV46:BV52)-MAX(BV46:BV52)-MIN(BV46:BV52))/(COUNT(BV46:BV52)-2)),0) -> 0 | BW81: =IFERROR(IF(COUNT(BW46:BW51)-2<=0,0,(SUM(BW46:BW51)-MAX(BW46:BW51)-MIN(BW46:BW51))/(COUNT(BW46:BW51)-2)),0) -> 0 | BX81: =IFERROR(IF(COUNT(BX46:BX50)-2<=0,0,(SUM(BX46:BX50)-MAX(BX46:BX50)-MIN(BX46:BX50))/(COUNT(BX46:BX50)-2)),0) -> 0 | BY81: =IFERROR(IF(COUNT(BY46:BY49)-2<=0,0,(SUM(BY46:BY49)-MAX(BY46:BY49)-MIN(BY46:BY49))/(COUNT(BY46:BY49)-2)),0) -> 0 | BZ81: =IFERROR(IF(COUNT(BZ46:BZ48)-2<=0,0,(SUM(BZ46:BZ48)-MAX(BZ46:BZ48)-MIN(BZ46:BZ48))/(COUNT(BZ46:BZ48)-2)),0) -> 0 | CA81: =IFERROR(IF(COUNT(CA46:CA47)-2<=0,0,(SUM(CA46:CA47)-MAX(CA46:CA47)-MIN(CA46:CA47))/(COUNT(CA46:CA47)-2)),0) -> 0 | CB81: =IFERROR(IF(COUNT(CB46:CB46)-2<=0,0,(SUM(CB46:CB46)-MAX(CB46:CB46)-MIN(CB46:CB46))/(COUNT(CB46:CB46)-2)),0) -> 0
B82: 加权平均 | C82: =IFERROR(SUM(D7:D40)/SUM(C7:C40),0) -> 0 | D82: =IFERROR(SUM(E7:E39)/SUM(D7:D39),0) -> 0 | E82: =IFERROR(SUM(F7:F38)/SUM(E7:E38),0) -> 0 | F82: =IFERROR(SUM(G7:G37)/SUM(F7:F37),0) -> 0 | G82: =IFERROR(SUM(H7:H36)/SUM(G7:G36),0) -> 0 | H82: =IFERROR(SUM(I7:I35)/SUM(H7:H35),0) -> 0 | I82: =IFERROR(SUM(J7:J34)/SUM(I7:I34),0) -> 0 | J82: =IFERROR(SUM(K7:K33)/SUM(J7:J33),0) -> 0 | K82: =IFERROR(SUM(L7:L32)/SUM(K7:K32),0) -> 0 | L82: =IFERROR(SUM(M7:M31)/SUM(L7:L31),0) -> 0 | M82: =IFERROR(SUM(N7:N30)/SUM(M7:M30),0) -> 0 | N82: =IFERROR(SUM(O7:O29)/SUM(N7:N29),0) -> 0 | O82: =IFERROR(SUM(P7:P28)/SUM(O7:O28),0) -> 0 | P82: =IFERROR(SUM(Q7:Q27)/SUM(P7:P27),0) -> 0 | Q82: =IFERROR(SUM(R7:R26)/SUM(Q7:Q26),0) -> 0 | R82: =IFERROR(SUM(S7:S25)/SUM(R7:R25),0) -> 0 | S82: =IFERROR(SUM(T7:T24)/SUM(S7:S24),0) -> 0 | T82: =IFERROR(SUM(U7:U23)/SUM(T7:T23),0) -> 0 | U82: =IFERROR(SUM(V7:V22)/SUM(U7:U22),0) -> 0 | V82: =IFERROR(SUM(W7:W21)/SUM(V7:V21),0) -> 0 | W82: =IFERROR(SUM(X7:X20)/SUM(W7:W20),0) -> 0 | X82: =IFERROR(SUM(Y7:Y19)/SUM(X7:X19),0) -> 0 | Y82: =IFERROR(SUM(Z7:Z18)/SUM(Y7:Y18),0) -> 0 | Z82: =IFERROR(SUM(AA7:AA17)/SUM(Z7:Z17),0) -> 0 | AA82: =IFERROR(SUM(AB7:AB16)/SUM(AA7:AA16),0) -> 0 | AB82: =IFERROR(SUM(AC7:AC15)/SUM(AB7:AB15),0) -> 0 | AC82: =IFERROR(SUM(AD7:AD14)/SUM(AC7:AC14),0) -> 0 | AD82: =IFERROR(SUM(AE7:AE13)/SUM(AD7:AD13),0) -> 0 | AE82: =IFERROR(SUM(AF7:AF12)/SUM(AE7:AE12),0) -> 0 | AF82: =IFERROR(SUM(AG7:AG11)/SUM(AF7:AF11),0) -> 0 | AG82: =IFERROR(SUM(AH7:AH10)/SUM(AG7:AG10),0) -> 0 | AH82: =IFERROR(SUM(AI7:AI9)/SUM(AH7:AH9),0) -> 0 | AI82: =IFERROR(SUM(AJ7:AJ8)/SUM(AI7:AI8),0) -> 0 | AJ82: =IFERROR(SUM(AK7:AK7)/SUM(AJ7:AJ7),0) -> 0 | AT82: 加权平均 | AU82: =IFERROR(SUM(AV7:AV40)/SUM(AU7:AU40),0) -> 0 | AV82: =IFERROR(SUM(AW7:AW39)/SUM(AV7:AV39),0) -> 0 | AW82: =IFERROR(SUM(AX7:AX38)/SUM(AW7:AW38),0) -> 0 | AX82: =IFERROR(SUM(AY7:AY37)/SUM(AX7:AX37),0) -> 0 | AY82: =IFERROR(SUM(AZ7:AZ36)/SUM(AY7:AY36),0) -> 0 | AZ82: =IFERROR(SUM(BA7:BA35)/SUM(AZ7:AZ35),0) -> 0 | BA82: =IFERROR(SUM(BB7:BB34)/SUM(BA7:BA34),0) -> 0 | BB82: =IFERROR(SUM(BC7:BC33)/SUM(BB7:BB33),0) -> 0 | BC82: =IFERROR(SUM(BD7:BD32)/SUM(BC7:BC32),0) -> 0 | BD82: =IFERROR(SUM(BE7:BE31)/SUM(BD7:BD31),0) -> 0 | BE82: =IFERROR(SUM(BF7:BF30)/SUM(BE7:BE30),0) -> 0 | BF82: =IFERROR(SUM(BG7:BG29)/SUM(BF7:BF29),0) -> 0 | BG82: =IFERROR(SUM(BH7:BH28)/SUM(BG7:BG28),0) -> 0 | BH82: =IFERROR(SUM(BI7:BI27)/SUM(BH7:BH27),0) -> 0 | BI82: =IFERROR(SUM(BJ7:BJ26)/SUM(BI7:BI26),0) -> 0 | BJ82: =IFERROR(SUM(BK7:BK25)/SUM(BJ7:BJ25),0) -> 0 | BK82: =IFERROR(SUM(BL7:BL24)/SUM(BK7:BK24),0) -> 0 | BL82: =IFERROR(SUM(BM7:BM23)/SUM(BL7:BL23),0) -> 0 | BM82: =IFERROR(SUM(BN7:BN22)/SUM(BM7:BM22),0) -> 0 | BN82: =IFERROR(SUM(BO7:BO21)/SUM(BN7:BN21),0) -> 0 | BO82: =IFERROR(SUM(BP7:BP20)/SUM(BO7:BO20),0) -> 0 | BP82: =IFERROR(SUM(BQ7:BQ19)/SUM(BP7:BP19),0) -> 0 | BQ82: =IFERROR(SUM(BR7:BR18)/SUM(BQ7:BQ18),0) -> 0 | BR82: =IFERROR(SUM(BS7:BS17)/SUM(BR7:BR17),0) -> 0 | BS82: =IFERROR(SUM(BT7:BT16)/SUM(BS7:BS16),0) -> 0 | BT82: =IFERROR(SUM(BU7:BU15)/SUM(BT7:BT15),0) -> 0 | BU82: =IFERROR(SUM(BV7:BV14)/SUM(BU7:BU14),0) -> 0 | BV82: =IFERROR(SUM(BW7:BW13)/SUM(BV7:BV13),0) -> 0 | BW82: =IFERROR(SUM(BX7:BX12)/SUM(BW7:BW12),0) -> 0 | BX82: =IFERROR(SUM(BY7:BY11)/SUM(BX7:BX11),0) -> 0 | BY82: =IFERROR(SUM(BZ7:BZ10)/SUM(BY7:BY10),0) -> 0 | BZ82: =IFERROR(SUM(CA7:CA9)/SUM(BZ7:BZ9),0) -> 0 | CA82: =IFERROR(SUM(CB7:CB8)/SUM(CA7:CA8),0) -> 0 | CB82: =IFERROR(SUM(CC7:CC7)/SUM(CB7:CB7),0) -> 0
B83: 近两期加权平均 | C83: =IFERROR(SUM(D39:D40)/SUM(C39:C40),0) -> 0 | D83: =IFERROR(SUM(E38:E39)/SUM(D38:D39),0) -> 0 | E83: =IFERROR(SUM(F37:F38)/SUM(E37:E38),0) -> 0 | F83: =IFERROR(SUM(G36:G37)/SUM(F36:F37),0) -> 0 | G83: =IFERROR(SUM(H35:H36)/SUM(G35:G36),0) -> 0 | H83: =IFERROR(SUM(I34:I35)/SUM(H34:H35),0) -> 0 | I83: =IFERROR(SUM(J33:J34)/SUM(I33:I34),0) -> 0 | J83: =IFERROR(SUM(K32:K33)/SUM(J32:J33),0) -> 0 | K83: =IFERROR(SUM(L31:L32)/SUM(K31:K32),0) -> 0 | L83: =IFERROR(SUM(M30:M31)/SUM(L30:L31),0) -> 0 | M83: =IFERROR(SUM(N29:N30)/SUM(M29:M30),0) -> 0 | N83: =IFERROR(SUM(O28:O29)/SUM(N28:N29),0) -> 0 | O83: =IFERROR(SUM(P27:P28)/SUM(O27:O28),0) -> 0 | P83: =IFERROR(SUM(Q26:Q27)/SUM(P26:P27),0) -> 0 | Q83: =IFERROR(SUM(R25:R26)/SUM(Q25:Q26),0) -> 0 | R83: =IFERROR(SUM(S24:S25)/SUM(R24:R25),0) -> 0 | S83: =IFERROR(SUM(T23:T24)/SUM(S23:S24),0) -> 0 | T83: =IFERROR(SUM(U22:U23)/SUM(T22:T23),0) -> 0 | U83: =IFERROR(SUM(V21:V22)/SUM(U21:U22),0) -> 0 | V83: =IFERROR(SUM(W20:W21)/SUM(V20:V21),0) -> 0 | W83: =IFERROR(SUM(X19:X20)/SUM(W19:W20),0) -> 0 | X83: =IFERROR(SUM(Y18:Y19)/SUM(X18:X19),0) -> 0 | Y83: =IFERROR(SUM(Z17:Z18)/SUM(Y17:Y18),0) -> 0 | Z83: =IFERROR(SUM(AA16:AA17)/SUM(Z16:Z17),0) -> 0 | AA83: =IFERROR(SUM(AB15:AB16)/SUM(AA15:AA16),0) -> 0 | AB83: =IFERROR(SUM(AC14:AC15)/SUM(AB14:AB15),0) -> 0 | AC83: =IFERROR(SUM(AD13:AD14)/SUM(AC13:AC14),0) -> 0 | AD83: =IFERROR(SUM(AE12:AE13)/SUM(AD12:AD13),0) -> 0 | AE83: =IFERROR(SUM(AF11:AF12)/SUM(AE11:AE12),0) -> 0 | AF83: =IFERROR(SUM(AG10:AG11)/SUM(AF10:AF11),0) -> 0 | AG83: =IFERROR(SUM(AH9:AH10)/SUM(AG9:AG10),0) -> 0 | AH83: =IFERROR(SUM(AI8:AI9)/SUM(AH8:AH9),0) -> 0 | AI83: =IFERROR(SUM(AJ7:AJ8)/SUM(AI7:AI8),0) -> 0 | AJ83: =IFERROR(SUM(AK7:AK7)/SUM(AJ7:AJ7),0) -> 0 | AT83: 近两期加权平均 | AU83: =IFERROR(SUM(AV39:AV40)/SUM(AU39:AU40),0) -> 0 | AV83: =IFERROR(SUM(AW38:AW39)/SUM(AV38:AV39),0) -> 0 | AW83: =IFERROR(SUM(AX37:AX38)/SUM(AW37:AW38),0) -> 0 | AX83: =IFERROR(SUM(AY36:AY37)/SUM(AX36:AX37),0) -> 0 | AY83: =IFERROR(SUM(AZ35:AZ36)/SUM(AY35:AY36),0) -> 0 | AZ83: =IFERROR(SUM(BA34:BA35)/SUM(AZ34:AZ35),0) -> 0 | BA83: =IFERROR(SUM(BB33:BB34)/SUM(BA33:BA34),0) -> 0 | BB83: =IFERROR(SUM(BC32:BC33)/SUM(BB32:BB33),0) -> 0 | BC83: =IFERROR(SUM(BD31:BD32)/SUM(BC31:BC32),0) -> 0 | BD83: =IFERROR(SUM(BE30:BE31)/SUM(BD30:BD31),0) -> 0 | BE83: =IFERROR(SUM(BF29:BF30)/SUM(BE29:BE30),0) -> 0 | BF83: =IFERROR(SUM(BG28:BG29)/SUM(BF28:BF29),0) -> 0 | BG83: =IFERROR(SUM(BH27:BH28)/SUM(BG27:BG28),0) -> 0 | BH83: =IFERROR(SUM(BI26:BI27)/SUM(BH26:BH27),0) -> 0 | BI83: =IFERROR(SUM(BJ25:BJ26)/SUM(BI25:BI26),0) -> 0 | BJ83: =IFERROR(SUM(BK24:BK25)/SUM(BJ24:BJ25),0) -> 0 | BK83: =IFERROR(SUM(BL23:BL24)/SUM(BK23:BK24),0) -> 0 | BL83: =IFERROR(SUM(BM22:BM23)/SUM(BL22:BL23),0) -> 0 | BM83: =IFERROR(SUM(BN21:BN22)/SUM(BM21:BM22),0) -> 0 | BN83: =IFERROR(SUM(BO20:BO21)/SUM(BN20:BN21),0) -> 0 | BO83: =IFERROR(SUM(BP19:BP20)/SUM(BO19:BO20),0) -> 0 | BP83: =IFERROR(SUM(BQ18:BQ19)/SUM(BP18:BP19),0) -> 0 | BQ83: =IFERROR(SUM(BR17:BR18)/SUM(BQ17:BQ18),0) -> 0 | BR83: =IFERROR(SUM(BS16:BS17)/SUM(BR16:BR17),0) -> 0 | BS83: =IFERROR(SUM(BT15:BT16)/SUM(BS15:BS16),0) -> 0 | BT83: =IFERROR(SUM(BU14:BU15)/SUM(BT14:BT15),0) -> 0 | BU83: =IFERROR(SUM(BV13:BV14)/SUM(BU13:BU14),0) -> 0 | BV83: =IFERROR(SUM(BW12:BW13)/SUM(BV12:BV13),0) -> 0 | BW83: =IFERROR(SUM(BX11:BX12)/SUM(BW11:BW12),0) -> 0 | BX83: =IFERROR(SUM(BY10:BY11)/SUM(BX10:BX11),0) -> 0 | BY83: =IFERROR(SUM(BZ9:BZ10)/SUM(BY9:BY10),0) -> 0 | BZ83: =IFERROR(SUM(CA8:CA9)/SUM(BZ8:BZ9),0) -> 0 | CA83: =IFERROR(SUM(CB7:CB8)/SUM(CA7:CA8),0) -> 0 | CB83: =IFERROR(SUM(CC7:CC7)/SUM(CB7:CB7),0) -> 0
B84: 近三期平均 | C84: =IFERROR(AVERAGE(C77:C79),0) -> 0 | D84: =IFERROR(AVERAGE(D76:D78),0) -> 0 | E84: =IFERROR(AVERAGE(E75:E77),0) -> 0 | F84: =IFERROR(AVERAGE(F74:F76),0) -> 0 | G84: =IFERROR(AVERAGE(G73:G75),0) -> 0 | H84: =IFERROR(AVERAGE(H72:H74),0) -> 0 | I84: =IFERROR(AVERAGE(I71:I73),0) -> 0 | J84: =IFERROR(AVERAGE(J70:J72),0) -> 0 | K84: =IFERROR(AVERAGE(K69:K71),0) -> 0 | L84: =IFERROR(AVERAGE(L68:L70),0) -> 0 | M84: =IFERROR(AVERAGE(M67:M69),0) -> 0 | N84: =IFERROR(AVERAGE(N66:N68),0) -> 0 | O84: =IFERROR(AVERAGE(O65:O67),0) -> 0 | P84: =IFERROR(AVERAGE(P64:P66),0) -> 0 | Q84: =IFERROR(AVERAGE(Q63:Q65),0) -> 0 | R84: =IFERROR(AVERAGE(R62:R64),0) -> 0 | S84: =IFERROR(AVERAGE(S61:S63),0) -> 0 | T84: =IFERROR(AVERAGE(T60:T62),0) -> 0 | U84: =IFERROR(AVERAGE(U59:U61),0) -> 0 | V84: =IFERROR(AVERAGE(V58:V60),0) -> 0 | W84: =IFERROR(AVERAGE(W57:W59),0) -> 0 | X84: =IFERROR(AVERAGE(X56:X58),0) -> 0 | Y84: =IFERROR(AVERAGE(Y55:Y57),0) -> 0 | Z84: =IFERROR(AVERAGE(Z54:Z56),0) -> 0 | AA84: =IFERROR(AVERAGE(AA53:AA55),0) -> 0 | AB84: =IFERROR(AVERAGE(AB52:AB54),0) -> 0 | AC84: =IFERROR(AVERAGE(AC51:AC53),0) -> 0 | AD84: =IFERROR(AVERAGE(AD50:AD52),0) -> 0 | AE84: =IFERROR(AVERAGE(AE49:AE51),0) -> 0 | AF84: =IFERROR(AVERAGE(AF48:AF50),0) -> 0 | AG84: =IFERROR(AVERAGE(AG47:AG49),0) -> 0 | AH84: =IFERROR(AVERAGE(AH46:AH48),0) -> 0 | AI84: =IFERROR(AVERAGE(AI46:AI47),0) -> 0 | AJ84: =IFERROR(AVERAGE(AJ46:AJ46),0) -> 0 | AT84: 近三期平均 | AU84: =IFERROR(AVERAGE(AU77:AU79),0) -> 0 | AV84: =IFERROR(AVERAGE(AV76:AV78),0) -> 0 | AW84: =IFERROR(AVERAGE(AW75:AW77),0) -> 0 | AX84: =IFERROR(AVERAGE(AX74:AX76),0) -> 0 | AY84: =IFERROR(AVERAGE(AY73:AY75),0) -> 0 | AZ84: =IFERROR(AVERAGE(AZ72:AZ74),0) -> 0 | BA84: =IFERROR(AVERAGE(BA71:BA73),0) -> 0 | BB84: =IFERROR(AVERAGE(BB70:BB72),0) -> 0 | BC84: =IFERROR(AVERAGE(BC69:BC71),0) -> 0 | BD84: =IFERROR(AVERAGE(BD68:BD70),0) -> 0 | BE84: =IFERROR(AVERAGE(BE67:BE69),0) -> 0 | BF84: =IFERROR(AVERAGE(BF66:BF68),0) -> 0 | BG84: =IFERROR(AVERAGE(BG65:BG67),0) -> 0 | BH84: =IFERROR(AVERAGE(BH64:BH66),0) -> 0 | BI84: =IFERROR(AVERAGE(BI63:BI65),0) -> 0 | BJ84: =IFERROR(AVERAGE(BJ62:BJ64),0) -> 0 | BK84: =IFERROR(AVERAGE(BK61:BK63),0) -> 0 | BL84: =IFERROR(AVERAGE(BL60:BL62),0) -> 0 | BM84: =IFERROR(AVERAGE(BM59:BM61),0) -> 0 | BN84: =IFERROR(AVERAGE(BN58:BN60),0) -> 0 | BO84: =IFERROR(AVERAGE(BO57:BO59),0) -> 0 | BP84: =IFERROR(AVERAGE(BP56:BP58),0) -> 0 | BQ84: =IFERROR(AVERAGE(BQ55:BQ57),0) -> 0 | BR84: =IFERROR(AVERAGE(BR54:BR56),0) -> 0 | BS84: =IFERROR(AVERAGE(BS53:BS55),0) -> 0 | BT84: =IFERROR(AVERAGE(BT52:BT54),0) -> 0 | BU84: =IFERROR(AVERAGE(BU51:BU53),0) -> 0 | BV84: =IFERROR(AVERAGE(BV50:BV52),0) -> 0 | BW84: =IFERROR(AVERAGE(BW49:BW51),0) -> 0 | BX84: =IFERROR(AVERAGE(BX48:BX50),0) -> 0 | BY84: =IFERROR(AVERAGE(BY47:BY49),0) -> 0 | BZ84: =IFERROR(AVERAGE(BZ46:BZ48),0) -> 0 | CA84: =IFERROR(AVERAGE(CA46:CA47),0) -> 0 | CB84: =IFERROR(AVERAGE(CB46:CB46),0) -> 0
B85: 近三期加权平均 | C85: =IFERROR(SUM(D38:D40)/SUM(C38:C40),0) -> 0 | D85: =IFERROR(SUM(E37:E39)/SUM(D37:D39),0) -> 0 | E85: =IFERROR(SUM(F36:F38)/SUM(E36:E38),0) -> 0 | F85: =IFERROR(SUM(G35:G37)/SUM(F35:F37),0) -> 0 | G85: =IFERROR(SUM(H34:H36)/SUM(G34:G36),0) -> 0 | H85: =IFERROR(SUM(I33:I35)/SUM(H33:H35),0) -> 0 | I85: =IFERROR(SUM(J32:J34)/SUM(I32:I34),0) -> 0 | J85: =IFERROR(SUM(K31:K33)/SUM(J31:J33),0) -> 0 | K85: =IFERROR(SUM(L30:L32)/SUM(K30:K32),0) -> 0 | L85: =IFERROR(SUM(M29:M31)/SUM(L29:L31),0) -> 0 | M85: =IFERROR(SUM(N28:N30)/SUM(M28:M30),0) -> 0 | N85: =IFERROR(SUM(O27:O29)/SUM(N27:N29),0) -> 0 | O85: =IFERROR(SUM(P26:P28)/SUM(O26:O28),0) -> 0 | P85: =IFERROR(SUM(Q25:Q27)/SUM(P25:P27),0) -> 0 | Q85: =IFERROR(SUM(R24:R26)/SUM(Q24:Q26),0) -> 0 | R85: =IFERROR(SUM(S23:S25)/SUM(R23:R25),0) -> 0 | S85: =IFERROR(SUM(T22:T24)/SUM(S22:S24),0) -> 0 | T85: =IFERROR(SUM(U21:U23)/SUM(T21:T23),0) -> 0 | U85: =IFERROR(SUM(V20:V22)/SUM(U20:U22),0) -> 0 | V85: =IFERROR(SUM(W19:W21)/SUM(V19:V21),0) -> 0 | W85: =IFERROR(SUM(X18:X20)/SUM(W18:W20),0) -> 0 | X85: =IFERROR(SUM(Y17:Y19)/SUM(X17:X19),0) -> 0 | Y85: =IFERROR(SUM(Z16:Z18)/SUM(Y16:Y18),0) -> 0 | Z85: =IFERROR(SUM(AA15:AA17)/SUM(Z15:Z17),0) -> 0 | AA85: =IFERROR(SUM(AB14:AB16)/SUM(AA14:AA16),0) -> 0 | AB85: =IFERROR(SUM(AC13:AC15)/SUM(AB13:AB15),0) -> 0 | AC85: =IFERROR(SUM(AD12:AD14)/SUM(AC12:AC14),0) -> 0 | AD85: =IFERROR(SUM(AE11:AE13)/SUM(AD11:AD13),0) -> 0 | AE85: =IFERROR(SUM(AF10:AF12)/SUM(AE10:AE12),0) -> 0 | AF85: =IFERROR(SUM(AG9:AG11)/SUM(AF9:AF11),0) -> 0 | AG85: =IFERROR(SUM(AH8:AH10)/SUM(AG8:AG10),0) -> 0 | AH85: =IFERROR(SUM(AI7:AI9)/SUM(AH7:AH9),0) -> 0 | AI85: =IFERROR(SUM(AJ7:AJ8)/SUM(AI7:AI8),0) -> 0 | AJ85: =IFERROR(SUM(AK7:AK7)/SUM(AJ7:AJ7),0) -> 0 | AT85: 近三期加权平均 | AU85: =IFERROR(SUM(AV38:AV40)/SUM(AU38:AU40),0) -> 0 | AV85: =IFERROR(SUM(AW37:AW39)/SUM(AV37:AV39),0) -> 0 | AW85: =IFERROR(SUM(AX36:AX38)/SUM(AW36:AW38),0) -> 0 | AX85: =IFERROR(SUM(AY35:AY37)/SUM(AX35:AX37),0) -> 0 | AY85: =IFERROR(SUM(AZ34:AZ36)/SUM(AY34:AY36),0) -> 0 | AZ85: =IFERROR(SUM(BA33:BA35)/SUM(AZ33:AZ35),0) -> 0 | BA85: =IFERROR(SUM(BB32:BB34)/SUM(BA32:BA34),0) -> 0 | BB85: =IFERROR(SUM(BC31:BC33)/SUM(BB31:BB33),0) -> 0 | BC85: =IFERROR(SUM(BD30:BD32)/SUM(BC30:BC32),0) -> 0 | BD85: =IFERROR(SUM(BE29:BE31)/SUM(BD29:BD31),0) -> 0 | BE85: =IFERROR(SUM(BF28:BF30)/SUM(BE28:BE30),0) -> 0 | BF85: =IFERROR(SUM(BG27:BG29)/SUM(BF27:BF29),0) -> 0 | BG85: =IFERROR(SUM(BH26:BH28)/SUM(BG26:BG28),0) -> 0 | BH85: =IFERROR(SUM(BI25:BI27)/SUM(BH25:BH27),0) -> 0 | BI85: =IFERROR(SUM(BJ24:BJ26)/SUM(BI24:BI26),0) -> 0 | BJ85: =IFERROR(SUM(BK23:BK25)/SUM(BJ23:BJ25),0) -> 0 | BK85: =IFERROR(SUM(BL22:BL24)/SUM(BK22:BK24),0) -> 0 | BL85: =IFERROR(SUM(BM21:BM23)/SUM(BL21:BL23),0) -> 0 | BM85: =IFERROR(SUM(BN20:BN22)/SUM(BM20:BM22),0) -> 0 | BN85: =IFERROR(SUM(BO19:BO21)/SUM(BN19:BN21),0) -> 0 | BO85: =IFERROR(SUM(BP18:BP20)/SUM(BO18:BO20),0) -> 0 | BP85: =IFERROR(SUM(BQ17:BQ19)/SUM(BP17:BP19),0) -> 0 | BQ85: =IFERROR(SUM(BR16:BR18)/SUM(BQ16:BQ18),0) -> 0 | BR85: =IFERROR(SUM(BS15:BS17)/SUM(BR15:BR17),0) -> 0 | BS85: =IFERROR(SUM(BT14:BT16)/SUM(BS14:BS16),0) -> 0 | BT85: =IFERROR(SUM(BU13:BU15)/SUM(BT13:BT15),0) -> 0 | BU85: =IFERROR(SUM(BV12:BV14)/SUM(BU12:BU14),0) -> 0 | BV85: =IFERROR(SUM(BW11:BW13)/SUM(BV11:BV13),0) -> 0 | BW85: =IFERROR(SUM(BX10:BX12)/SUM(BW10:BW12),0) -> 0 | BX85: =IFERROR(SUM(BY9:BY11)/SUM(BX9:BX11),0) -> 0 | BY85: =IFERROR(SUM(BZ8:BZ10)/SUM(BY8:BY10),0) -> 0 | BZ85: =IFERROR(SUM(CA7:CA9)/SUM(BZ7:BZ9),0) -> 0 | CA85: =IFERROR(SUM(CB7:CB8)/SUM(CA7:CA8),0) -> 0 | CB85: =IFERROR(SUM(CC7:CC7)/SUM(CB7:CB7),0) -> 0
B86: 近四期加权平均 | C86: =IFERROR(SUM(D37:D40)/SUM(C37:C40),0) -> 0 | D86: =IFERROR(SUM(E36:E39)/SUM(D36:D39),0) -> 0 | E86: =IFERROR(SUM(F35:F38)/SUM(E35:E38),0) -> 0 | F86: =IFERROR(SUM(G34:G37)/SUM(F34:F37),0) -> 0 | G86: =IFERROR(SUM(H33:H36)/SUM(G33:G36),0) -> 0 | H86: =IFERROR(SUM(I32:I35)/SUM(H32:H35),0) -> 0 | I86: =IFERROR(SUM(J31:J34)/SUM(I31:I34),0) -> 0 | J86: =IFERROR(SUM(K30:K33)/SUM(J30:J33),0) -> 0 | K86: =IFERROR(SUM(L29:L32)/SUM(K29:K32),0) -> 0 | L86: =IFERROR(SUM(M28:M31)/SUM(L28:L31),0) -> 0 | M86: =IFERROR(SUM(N27:N30)/SUM(M27:M30),0) -> 0 | N86: =IFERROR(SUM(O26:O29)/SUM(N26:N29),0) -> 0 | O86: =IFERROR(SUM(P25:P28)/SUM(O25:O28),0) -> 0 | P86: =IFERROR(SUM(Q24:Q27)/SUM(P24:P27),0) -> 0 | Q86: =IFERROR(SUM(R23:R26)/SUM(Q23:Q26),0) -> 0 | R86: =IFERROR(SUM(S22:S25)/SUM(R22:R25),0) -> 0 | S86: =IFERROR(SUM(T21:T24)/SUM(S21:S24),0) -> 0 | T86: =IFERROR(SUM(U20:U23)/SUM(T20:T23),0) -> 0 | U86: =IFERROR(SUM(V19:V22)/SUM(U19:U22),0) -> 0 | V86: =IFERROR(SUM(W18:W21)/SUM(V18:V21),0) -> 0 | W86: =IFERROR(SUM(X17:X20)/SUM(W17:W20),0) -> 0 | X86: =IFERROR(SUM(Y16:Y19)/SUM(X16:X19),0) -> 0 | Y86: =IFERROR(SUM(Z15:Z18)/SUM(Y15:Y18),0) -> 0 | Z86: =IFERROR(SUM(AA14:AA17)/SUM(Z14:Z17),0) -> 0 | AA86: =IFERROR(SUM(AB13:AB16)/SUM(AA13:AA16),0) -> 0 | AB86: =IFERROR(SUM(AC12:AC15)/SUM(AB12:AB15),0) -> 0 | AC86: =IFERROR(SUM(AD11:AD14)/SUM(AC11:AC14),0) -> 0 | AD86: =IFERROR(SUM(AE10:AE13)/SUM(AD10:AD13),0) -> 0 | AE86: =IFERROR(SUM(AF9:AF12)/SUM(AE9:AE12),0) -> 0 | AF86: =IFERROR(SUM(AG8:AG11)/SUM(AF8:AF11),0) -> 0 | AG86: =IFERROR(SUM(AH7:AH10)/SUM(AG7:AG10),0) -> 0 | AH86: =IFERROR(SUM(AI7:AI9)/SUM(AH7:AH9),0) -> 0 | AI86: =IFERROR(SUM(AJ7:AJ8)/SUM(AI7:AI8),0) -> 0 | AJ86: =IFERROR(SUM(AK7:AK7)/SUM(AJ7:AJ7),0) -> 0 | AT86: 近四期加权平均 | AU86: =IFERROR(SUM(AV37:AV40)/SUM(AU37:AU40),0) -> 0 | AV86: =IFERROR(SUM(AW36:AW39)/SUM(AV36:AV39),0) -> 0 | AW86: =IFERROR(SUM(AX35:AX38)/SUM(AW35:AW38),0) -> 0 | AX86: =IFERROR(SUM(AY34:AY37)/SUM(AX34:AX37),0) -> 0 | AY86: =IFERROR(SUM(AZ33:AZ36)/SUM(AY33:AY36),0) -> 0 | AZ86: =IFERROR(SUM(BA32:BA35)/SUM(AZ32:AZ35),0) -> 0 | BA86: =IFERROR(SUM(BB31:BB34)/SUM(BA31:BA34),0) -> 0 | BB86: =IFERROR(SUM(BC30:BC33)/SUM(BB30:BB33),0) -> 0 | BC86: =IFERROR(SUM(BD29:BD32)/SUM(BC29:BC32),0) -> 0 | BD86: =IFERROR(SUM(BE28:BE31)/SUM(BD28:BD31),0) -> 0 | BE86: =IFERROR(SUM(BF27:BF30)/SUM(BE27:BE30),0) -> 0 | BF86: =IFERROR(SUM(BG26:BG29)/SUM(BF26:BF29),0) -> 0 | BG86: =IFERROR(SUM(BH25:BH28)/SUM(BG25:BG28),0) -> 0 | BH86: =IFERROR(SUM(BI24:BI27)/SUM(BH24:BH27),0) -> 0 | BI86: =IFERROR(SUM(BJ23:BJ26)/SUM(BI23:BI26),0) -> 0 | BJ86: =IFERROR(SUM(BK22:BK25)/SUM(BJ22:BJ25),0) -> 0 | BK86: =IFERROR(SUM(BL21:BL24)/SUM(BK21:BK24),0) -> 0 | BL86: =IFERROR(SUM(BM20:BM23)/SUM(BL20:BL23),0) -> 0 | BM86: =IFERROR(SUM(BN19:BN22)/SUM(BM19:BM22),0) -> 0 | BN86: =IFERROR(SUM(BO18:BO21)/SUM(BN18:BN21),0) -> 0 | BO86: =IFERROR(SUM(BP17:BP20)/SUM(BO17:BO20),0) -> 0 | BP86: =IFERROR(SUM(BQ16:BQ19)/SUM(BP16:BP19),0) -> 0 | BQ86: =IFERROR(SUM(BR15:BR18)/SUM(BQ15:BQ18),0) -> 0 | BR86: =IFERROR(SUM(BS14:BS17)/SUM(BR14:BR17),0) -> 0 | BS86: =IFERROR(SUM(BT13:BT16)/SUM(BS13:BS16),0) -> 0 | BT86: =IFERROR(SUM(BU12:BU15)/SUM(BT12:BT15),0) -> 0 | BU86: =IFERROR(SUM(BV11:BV14)/SUM(BU11:BU14),0) -> 0 | BV86: =IFERROR(SUM(BW10:BW13)/SUM(BV10:BV13),0) -> 0 | BW86: =IFERROR(SUM(BX9:BX12)/SUM(BW9:BW12),0) -> 0 | BX86: =IFERROR(SUM(BY8:BY11)/SUM(BX8:BX11),0) -> 0 | BY86: =IFERROR(SUM(BZ7:BZ10)/SUM(BY7:BY10),0) -> 0 | BZ86: =IFERROR(SUM(CA7:CA9)/SUM(BZ7:BZ9),0) -> 0 | CA86: =IFERROR(SUM(CB7:CB8)/SUM(CA7:CA8),0) -> 0 | CB86: =IFERROR(SUM(CC7:CC7)/SUM(CB7:CB7),0) -> 0
B87: 近五期加权平均 | C87: =IFERROR(SUM(D36:D40)/SUM(C36:C40),0) -> 0 | D87: =IFERROR(SUM(E35:E39)/SUM(D35:D39),0) -> 0 | E87: =IFERROR(SUM(F34:F38)/SUM(E34:E38),0) -> 0 | F87: =IFERROR(SUM(G33:G37)/SUM(F33:F37),0) -> 0 | G87: =IFERROR(SUM(H32:H36)/SUM(G32:G36),0) -> 0 | H87: =IFERROR(SUM(I31:I35)/SUM(H31:H35),0) -> 0 | I87: =IFERROR(SUM(J30:J34)/SUM(I30:I34),0) -> 0 | J87: =IFERROR(SUM(K29:K33)/SUM(J29:J33),0) -> 0 | K87: =IFERROR(SUM(L28:L32)/SUM(K28:K32),0) -> 0 | L87: =IFERROR(SUM(M27:M31)/SUM(L27:L31),0) -> 0 | M87: =IFERROR(SUM(N26:N30)/SUM(M26:M30),0) -> 0 | N87: =IFERROR(SUM(O25:O29)/SUM(N25:N29),0) -> 0 | O87: =IFERROR(SUM(P24:P28)/SUM(O24:O28),0) -> 0 | P87: =IFERROR(SUM(Q23:Q27)/SUM(P23:P27),0) -> 0 | Q87: =IFERROR(SUM(R22:R26)/SUM(Q22:Q26),0) -> 0 | R87: =IFERROR(SUM(S21:S25)/SUM(R21:R25),0) -> 0 | S87: =IFERROR(SUM(T20:T24)/SUM(S20:S24),0) -> 0 | T87: =IFERROR(SUM(U19:U23)/SUM(T19:T23),0) -> 0 | U87: =IFERROR(SUM(V18:V22)/SUM(U18:U22),0) -> 0 | V87: =IFERROR(SUM(W17:W21)/SUM(V17:V21),0) -> 0 | W87: =IFERROR(SUM(X16:X20)/SUM(W16:W20),0) -> 0 | X87: =IFERROR(SUM(Y15:Y19)/SUM(X15:X19),0) -> 0 | Y87: =IFERROR(SUM(Z14:Z18)/SUM(Y14:Y18),0) -> 0 | Z87: =IFERROR(SUM(AA13:AA17)/SUM(Z13:Z17),0) -> 0 | AA87: =IFERROR(SUM(AB12:AB16)/SUM(AA12:AA16),0) -> 0 | AB87: =IFERROR(SUM(AC11:AC15)/SUM(AB11:AB15),0) -> 0 | AC87: =IFERROR(SUM(AD10:AD14)/SUM(AC10:AC14),0) -> 0 | AD87: =IFERROR(SUM(AE9:AE13)/SUM(AD9:AD13),0) -> 0 | AE87: =IFERROR(SUM(AF8:AF12)/SUM(AE8:AE12),0) -> 0 | AF87: =IFERROR(SUM(AG7:AG11)/SUM(AF7:AF11),0) -> 0 | AG87: =IFERROR(SUM(AH7:AH10)/SUM(AG7:AG10),0) -> 0 | AH87: =IFERROR(SUM(AI7:AI9)/SUM(AH7:AH9),0) -> 0 | AI87: =IFERROR(SUM(AJ7:AJ8)/SUM(AI7:AI8),0) -> 0 | AJ87: =IFERROR(SUM(AK7:AK7)/SUM(AJ7:AJ7),0) -> 0 | AT87: 近五期加权平均 | AU87: =IFERROR(SUM(AV36:AV40)/SUM(AU36:AU40),0) -> 0 | AV87: =IFERROR(SUM(AW35:AW39)/SUM(AV35:AV39),0) -> 0 | AW87: =IFERROR(SUM(AX34:AX38)/SUM(AW34:AW38),0) -> 0 | AX87: =IFERROR(SUM(AY33:AY37)/SUM(AX33:AX37),0) -> 0 | AY87: =IFERROR(SUM(AZ32:AZ36)/SUM(AY32:AY36),0) -> 0 | AZ87: =IFERROR(SUM(BA31:BA35)/SUM(AZ31:AZ35),0) -> 0 | BA87: =IFERROR(SUM(BB30:BB34)/SUM(BA30:BA34),0) -> 0 | BB87: =IFERROR(SUM(BC29:BC33)/SUM(BB29:BB33),0) -> 0 | BC87: =IFERROR(SUM(BD28:BD32)/SUM(BC28:BC32),0) -> 0 | BD87: =IFERROR(SUM(BE27:BE31)/SUM(BD27:BD31),0) -> 0 | BE87: =IFERROR(SUM(BF26:BF30)/SUM(BE26:BE30),0) -> 0 | BF87: =IFERROR(SUM(BG25:BG29)/SUM(BF25:BF29),0) -> 0 | BG87: =IFERROR(SUM(BH24:BH28)/SUM(BG24:BG28),0) -> 0 | BH87: =IFERROR(SUM(BI23:BI27)/SUM(BH23:BH27),0) -> 0 | BI87: =IFERROR(SUM(BJ22:BJ26)/SUM(BI22:BI26),0) -> 0 | BJ87: =IFERROR(SUM(BK21:BK25)/SUM(BJ21:BJ25),0) -> 0 | BK87: =IFERROR(SUM(BL20:BL24)/SUM(BK20:BK24),0) -> 0 | BL87: =IFERROR(SUM(BM19:BM23)/SUM(BL19:BL23),0) -> 0 | BM87: =IFERROR(SUM(BN18:BN22)/SUM(BM18:BM22),0) -> 0 | BN87: =IFERROR(SUM(BO17:BO21)/SUM(BN17:BN21),0) -> 0 | BO87: =IFERROR(SUM(BP16:BP20)/SUM(BO16:BO20),0) -> 0 | BP87: =IFERROR(SUM(BQ15:BQ19)/SUM(BP15:BP19),0) -> 0 | BQ87: =IFERROR(SUM(BR14:BR18)/SUM(BQ14:BQ18),0) -> 0 | BR87: =IFERROR(SUM(BS13:BS17)/SUM(BR13:BR17),0) -> 0 | BS87: =IFERROR(SUM(BT12:BT16)/SUM(BS12:BS16),0) -> 0 | BT87: =IFERROR(SUM(BU11:BU15)/SUM(BT11:BT15),0) -> 0 | BU87: =IFERROR(SUM(BV10:BV14)/SUM(BU10:BU14),0) -> 0 | BV87: =IFERROR(SUM(BW9:BW13)/SUM(BV9:BV13),0) -> 0 | BW87: =IFERROR(SUM(BX8:BX12)/SUM(BW8:BW12),0) -> 0 | BX87: =IFERROR(SUM(BY7:BY11)/SUM(BX7:BX11),0) -> 0 | BY87: =IFERROR(SUM(BZ7:BZ10)/SUM(BY7:BY10),0) -> 0 | BZ87: =IFERROR(SUM(CA7:CA9)/SUM(BZ7:BZ9),0) -> 0 | CA87: =IFERROR(SUM(CB7:CB8)/SUM(CA7:CA8),0) -> 0 | CB87: =IFERROR(SUM(CC7:CC7)/SUM(CB7:CB7),0) -> 0
B88: 近六期加权平均 | C88: =IFERROR(SUM(D35:D40)/SUM(C35:C40),0) -> 0 | D88: =IFERROR(SUM(E34:E39)/SUM(D34:D39),0) -> 0 | E88: =IFERROR(SUM(F33:F38)/SUM(E33:E38),0) -> 0 | F88: =IFERROR(SUM(G32:G37)/SUM(F32:F37),0) -> 0 | G88: =IFERROR(SUM(H31:H36)/SUM(G31:G36),0) -> 0 | H88: =IFERROR(SUM(I30:I35)/SUM(H30:H35),0) -> 0 | I88: =IFERROR(SUM(J29:J34)/SUM(I29:I34),0) -> 0 | J88: =IFERROR(SUM(K28:K33)/SUM(J28:J33),0) -> 0 | K88: =IFERROR(SUM(L27:L32)/SUM(K27:K32),0) -> 0 | L88: =IFERROR(SUM(M26:M31)/SUM(L26:L31),0) -> 0 | M88: =IFERROR(SUM(N25:N30)/SUM(M25:M30),0) -> 0 | N88: =IFERROR(SUM(O24:O29)/SUM(N24:N29),0) -> 0 | O88: =IFERROR(SUM(P23:P28)/SUM(O23:O28),0) -> 0 | P88: =IFERROR(SUM(Q22:Q27)/SUM(P22:P27),0) -> 0 | Q88: =IFERROR(SUM(R21:R26)/SUM(Q21:Q26),0) -> 0 | R88: =IFERROR(SUM(S20:S25)/SUM(R20:R25),0) -> 0 | S88: =IFERROR(SUM(T19:T24)/SUM(S19:S24),0) -> 0 | T88: =IFERROR(SUM(U18:U23)/SUM(T18:T23),0) -> 0 | U88: =IFERROR(SUM(V17:V22)/SUM(U17:U22),0) -> 0 | V88: =IFERROR(SUM(W16:W21)/SUM(V16:V21),0) -> 0 | W88: =IFERROR(SUM(X15:X20)/SUM(W15:W20),0) -> 0 | X88: =IFERROR(SUM(Y14:Y19)/SUM(X14:X19),0) -> 0 | Y88: =IFERROR(SUM(Z13:Z18)/SUM(Y13:Y18),0) -> 0 | Z88: =IFERROR(SUM(AA12:AA17)/SUM(Z12:Z17),0) -> 0 | AA88: =IFERROR(SUM(AB11:AB16)/SUM(AA11:AA16),0) -> 0 | AB88: =IFERROR(SUM(AC10:AC15)/SUM(AB10:AB15),0) -> 0 | AC88: =IFERROR(SUM(AD9:AD14)/SUM(AC9:AC14),0) -> 0 | AD88: =IFERROR(SUM(AE8:AE13)/SUM(AD8:AD13),0) -> 0 | AE88: =IFERROR(SUM(AF7:AF12)/SUM(AE7:AE12),0) -> 0 | AF88: =IFERROR(SUM(AG7:AG11)/SUM(AF7:AF11),0) -> 0 | AG88: =IFERROR(SUM(AH7:AH10)/SUM(AG7:AG10),0) -> 0 | AH88: =IFERROR(SUM(AI7:AI9)/SUM(AH7:AH9),0) -> 0 | AI88: =IFERROR(SUM(AJ7:AJ8)/SUM(AI7:AI8),0) -> 0 | AJ88: =IFERROR(SUM(AK7:AK7)/SUM(AJ7:AJ7),0) -> 0 | AT88: 近六期加权平均 | AU88: =IFERROR(SUM(AV35:AV40)/SUM(AU35:AU40),0) -> 0 | AV88: =IFERROR(SUM(AW34:AW39)/SUM(AV34:AV39),0) -> 0 | AW88: =IFERROR(SUM(AX33:AX38)/SUM(AW33:AW38),0) -> 0 | AX88: =IFERROR(SUM(AY32:AY37)/SUM(AX32:AX37),0) -> 0 | AY88: =IFERROR(SUM(AZ31:AZ36)/SUM(AY31:AY36),0) -> 0 | AZ88: =IFERROR(SUM(BA30:BA35)/SUM(AZ30:AZ35),0) -> 0 | BA88: =IFERROR(SUM(BB29:BB34)/SUM(BA29:BA34),0) -> 0 | BB88: =IFERROR(SUM(BC28:BC33)/SUM(BB28:BB33),0) -> 0 | BC88: =IFERROR(SUM(BD27:BD32)/SUM(BC27:BC32),0) -> 0 | BD88: =IFERROR(SUM(BE26:BE31)/SUM(BD26:BD31),0) -> 0 | BE88: =IFERROR(SUM(BF25:BF30)/SUM(BE25:BE30),0) -> 0 | BF88: =IFERROR(SUM(BG24:BG29)/SUM(BF24:BF29),0) -> 0 | BG88: =IFERROR(SUM(BH23:BH28)/SUM(BG23:BG28),0) -> 0 | BH88: =IFERROR(SUM(BI22:BI27)/SUM(BH22:BH27),0) -> 0 | BI88: =IFERROR(SUM(BJ21:BJ26)/SUM(BI21:BI26),0) -> 0 | BJ88: =IFERROR(SUM(BK20:BK25)/SUM(BJ20:BJ25),0) -> 0 | BK88: =IFERROR(SUM(BL19:BL24)/SUM(BK19:BK24),0) -> 0 | BL88: =IFERROR(SUM(BM18:BM23)/SUM(BL18:BL23),0) -> 0 | BM88: =IFERROR(SUM(BN17:BN22)/SUM(BM17:BM22),0) -> 0 | BN88: =IFERROR(SUM(BO16:BO21)/SUM(BN16:BN21),0) -> 0 | BO88: =IFERROR(SUM(BP15:BP20)/SUM(BO15:BO20),0) -> 0 | BP88: =IFERROR(SUM(BQ14:BQ19)/SUM(BP14:BP19),0) -> 0 | BQ88: =IFERROR(SUM(BR13:BR18)/SUM(BQ13:BQ18),0) -> 0 | BR88: =IFERROR(SUM(BS12:BS17)/SUM(BR12:BR17),0) -> 0 | BS88: =IFERROR(SUM(BT11:BT16)/SUM(BS11:BS16),0) -> 0 | BT88: =IFERROR(SUM(BU10:BU15)/SUM(BT10:BT15),0) -> 0 | BU88: =IFERROR(SUM(BV9:BV14)/SUM(BU9:BU14),0) -> 0 | BV88: =IFERROR(SUM(BW8:BW13)/SUM(BV8:BV13),0) -> 0 | BW88: =IFERROR(SUM(BX7:BX12)/SUM(BW7:BW12),0) -> 0 | BX88: =IFERROR(SUM(BY7:BY11)/SUM(BX7:BX11),0) -> 0 | BY88: =IFERROR(SUM(BZ7:BZ10)/SUM(BY7:BY10),0) -> 0 | BZ88: =IFERROR(SUM(CA7:CA9)/SUM(BZ7:BZ9),0) -> 0 | CA88: =IFERROR(SUM(CB7:CB8)/SUM(CA7:CA8),0) -> 0 | CB88: =IFERROR(SUM(CC7:CC7)/SUM(CB7:CB7),0) -> 0
B89: 选取值 | C89: =IFERROR(C88,0) -> 0 | D89: =IFERROR(D88,0) -> 0 | E89: =IFERROR(E88,0) -> 0 | F89: =IFERROR(F88,0) -> 0 | G89: =IFERROR(G88,0) -> 0 | H89: =IFERROR(H88,0) -> 0 | I89: =IFERROR(I88,0) -> 0 | J89: =IFERROR(J88,0) -> 0 | ... AJ89: =IFERROR(AJ88,0) -> 0 | AK89: 1 | AT89: 选取值 | AU89: =IFERROR(AU88,0) -> 0 | AV89: =IFERROR(AV88,0) -> 0 | AW89: =IFERROR(AW88,0) -> 0 | AX89: =IFERROR(AX88,0) -> 0 | AY89: =IFERROR(AY88,0) -> 0 | AZ89: =IFERROR(AZ88,0) -> 0 | BA89: =IFERROR(BA88,0) -> 0 | BB89: =IFERROR(BB88,0) -> 0 | ... CB89: =IFERROR(CB88,0) -> 0 | CC89: 1
B90: CDF | C90: =IFERROR(C89*D90,0) -> 0 | D90: =IFERROR(D89*E90,0) -> 0 | E90: =IFERROR(E89*F90,0) -> 0 | F90: =IFERROR(F89*G90,0) -> 0 | G90: =IFERROR(G89*H90,0) -> 0 | H90: =IFERROR(H89*I90,0) -> 0 | I90: =IFERROR(I89*J90,0) -> 0 | J90: =IFERROR(J89*K90,0) -> 0 | ... AJ90: =IFERROR(AJ89*AK90,0) -> 0 | AK90: =AK89 -> 1 | AT90: CDF | AU90: =IFERROR(AU89*AV90,0) -> 0 | AV90: =IFERROR(AV89*AW90,0) -> 0 | AW90: =IFERROR(AW89*AX90,0) -> 0 | AX90: =IFERROR(AX89*AY90,0) -> 0 | AY90: =IFERROR(AY89*AZ90,0) -> 0 | AZ90: =IFERROR(AZ89*BA90,0) -> 0 | BA90: =IFERROR(BA89*BB90,0) -> 0 | BB90: =IFERROR(BB89*BC90,0) -> 0 | ... CB90: =IFERROR(CB89*CC90,0) -> 0 | CC90: =CC89 -> 1
B91: 未决比例 | C91: =IFERROR(ROUND(1-1/C90,4),0) -> 0 | D91: =IFERROR(ROUND(1-1/D90,4),0) -> 0 | E91: =IFERROR(ROUND(1-1/E90,4),0) -> 0 | F91: =IFERROR(ROUND(1-1/F90,4),0) -> 0 | G91: =IFERROR(ROUND(1-1/G90,4),0) -> 0 | H91: =IFERROR(ROUND(1-1/H90,4),0) -> 0 | I91: =IFERROR(ROUND(1-1/I90,4),0) -> 0 | J91: =IFERROR(ROUND(1-1/J90,4),0) -> 0 | ... AK91: =IFERROR(ROUND(1-1/AK90,4),0) -> 0 | AT91: 未决比例 | AU91: =IFERROR(ROUND(1-1/AU90,4),0) -> 0 | AV91: =IFERROR(ROUND(1-1/AV90,4),0) -> 0 | AW91: =IFERROR(ROUND(1-1/AW90,4),0) -> 0 | AX91: =IFERROR(ROUND(1-1/AX90,4),0) -> 0 | AY91: =IFERROR(ROUND(1-1/AY90,4),0) -> 0 | AZ91: =IFERROR(ROUND(1-1/AZ90,4),0) -> 0 | BA91: =IFERROR(ROUND(1-1/BA90,4),0) -> 0 | BB91: =IFERROR(ROUND(1-1/BB90,4),0) -> 0 | ... CC91: =IFERROR(ROUND(1-1/CC90,4),0) -> 0
B93: 未决三角形 | AJ93: 单位：人民币元 | AT93: 未决三角形 | CB93: 单位：人民币元
B94: 事故月份 | C94: 进展区间 | AT94: 事故月份 | AU94: 进展区间
C95: 1 | D95: 2 | E95: 3 | F95: 4 | G95: 5 | H95: 6 | I95: 7 | J95: 8 | K95: 9 | L95: 10 | M95: 11 | N95: 12 | O95: 13 | P95: 14 | Q95: 15 | R95: 16 | S95: 17 | T95: 18 | U95: 19 | V95: 20 | W95: 21 | X95: 22 | Y95: 23 | Z95: 24 | AA95: 25 | AB95: 26 | AC95: 27 | AD95: 28 | AE95: 29 | AF95: 30 | AG95: 31 | AH95: 32 | AI95: 33 | AJ95: 34 | AK95: 35 | AU95: 1 | AV95: 2 | AW95: 3 | AX95: 4 | AY95: 5 | AZ95: 6 | BA95: 7 | BB95: 8 | BC95: 9 | BD95: 10 | BE95: 11 | BF95: 12 | BG95: 13 | BH95: 14 | BI95: 15 | BJ95: 16 | BK95: 17 | BL95: 18 | BM95: 19 | BN95: 20 | BO95: 21 | BP95: 22 | BQ95: 23 | BR95: 24 | BS95: 25 | BT95: 26 | BU95: 27 | BV95: 28 | BW95: 29 | BX95: 30 | BY95: 31 | BZ95: 32 | CA95: 33 | CB95: 34 | CC95: 35
B96: 201506 | C96: 0 | D96: 0 | E96: 0 | F96: 0 | G96: 0 | H96: 0 | I96: 0 | J96: 0 | K96: 0 | L96: 0 | M96: 0 | N96: 0 | O96: 0 | P96: 0 | Q96: 0 | R96: 0 | S96: 0 | T96: 0 | U96: 0 | V96: 0 | W96: 0 | X96: 0 | Y96: 0 | Z96: 0 | AA96: 0 | AB96: 0 | AC96: 0 | AD96: 0 | AE96: 0 | AF96: 0 | AG96: 0 | AH96: 0 | AI96: 0 | AJ96: 0 | AK96: 0 | AT96: 201506 | AU96: 0 | AV96: 0 | AW96: 0 | AX96: 0 | AY96: 0 | AZ96: 0 | BA96: 0 | BB96: 0 | BC96: 0 | BD96: 0 | BE96: 0 | BF96: 0 | BG96: 0 | BH96: 0 | BI96: 0 | BJ96: 0 | BK96: 0 | BL96: 0 | BM96: 0 | BN96: 0 | BO96: 0 | BP96: 0 | BQ96: 0 | BR96: 0 | BS96: 0 | BT96: 0 | BU96: 0 | BV96: 0 | BW96: 0 | BX96: 0 | BY96: 0 | BZ96: 0 | CA96: 0 | CB96: 0 | CC96: 0
B97: 201509 | C97: 0 | D97: 0 | E97: 0 | F97: 0 | G97: 0 | H97: 0 | I97: 0 | J97: 0 | K97: 0 | L97: 0 | M97: 0 | N97: 0 | O97: 0 | P97: 0 | Q97: 0 | R97: 0 | S97: 0 | T97: 0 | U97: 0 | V97: 0 | W97: 0 | X97: 0 | Y97: 0 | Z97: 0 | AA97: 0 | AB97: 0 | AC97: 0 | AD97: 0 | AE97: 0 | AF97: 0 | AG97: 0 | AH97: 0 | AI97: 0 | AJ97: 0 | AT97: 201509 | AU97: 0 | AV97: 0 | AW97: 0 | AX97: 0 | AY97: 0 | AZ97: 0 | BA97: 0 | BB97: 0 | BC97: 0 | BD97: 0 | BE97: 0 | BF97: 0 | BG97: 0 | BH97: 0 | BI97: 0 | BJ97: 0 | BK97: 0 | BL97: 0 | BM97: 0 | BN97: 0 | BO97: 0 | BP97: 0 | BQ97: 0 | BR97: 0 | BS97: 0 | BT97: 0 | BU97: 0 | BV97: 0 | BW97: 0 | BX97: 0 | BY97: 0 | BZ97: 0 | CA97: 0 | CB97: 0
B98: 201512 | C98: 0 | D98: 0 | E98: 0 | F98: 0 | G98: 0 | H98: 0 | I98: 0 | J98: 0 | K98: 0 | L98: 0 | M98: 0 | N98: 0 | O98: 0 | P98: 0 | Q98: 0 | R98: 0 | S98: 0 | T98: 0 | U98: 0 | V98: 0 | W98: 0 | X98: 0 | Y98: 0 | Z98: 0 | AA98: 0 | AB98: 0 | AC98: 0 | AD98: 0 | AE98: 0 | AF98: 0 | AG98: 0 | AH98: 0 | AI98: 0 | AT98: 201512 | AU98: 0 | AV98: 0 | AW98: 0 | AX98: 0 | AY98: 0 | AZ98: 0 | BA98: 0 | BB98: 0 | BC98: 0 | BD98: 0 | BE98: 0 | BF98: 0 | BG98: 0 | BH98: 0 | BI98: 0 | BJ98: 0 | BK98: 0 | BL98: 0 | BM98: 0 | BN98: 0 | BO98: 0 | BP98: 0 | BQ98: 0 | BR98: 0 | BS98: 0 | BT98: 0 | BU98: 0 | BV98: 0 | BW98: 0 | BX98: 0 | BY98: 0 | BZ98: 0 | CA98: 0
B99: 201603 | C99: 0 | D99: 0 | E99: 0 | F99: 0 | G99: 0 | H99: 0 | I99: 0 | J99: 0 | K99: 0 | L99: 0 | M99: 0 | N99: 0 | O99: 0 | P99: 0 | Q99: 0 | R99: 0 | S99: 0 | T99: 0 | U99: 0 | V99: 0 | W99: 0 | X99: 0 | Y99: 0 | Z99: 0 | AA99: 0 | AB99: 0 | AC99: 0 | AD99: 0 | AE99: 0 | AF99: 0 | AG99: 0 | AH99: 0 | AT99: 201603 | AU99: 0 | AV99: 0 | AW99: 0 | AX99: 0 | AY99: 0 | AZ99: 0 | BA99: 0 | BB99: 0 | BC99: 0 | BD99: 0 | BE99: 0 | BF99: 0 | BG99: 0 | BH99: 0 | BI99: 0 | BJ99: 0 | BK99: 0 | BL99: 0 | BM99: 0 | BN99: 0 | BO99: 0 | BP99: 0 | BQ99: 0 | BR99: 0 | BS99: 0 | BT99: 0 | BU99: 0 | BV99: 0 | BW99: 0 | BX99: 0 | BY99: 0 | BZ99: 0
B100: 201606 | C100: 0 | D100: 0 | E100: 0 | F100: 0 | G100: 0 | H100: 0 | I100: 0 | J100: 0 | K100: 0 | L100: 0 | M100: 0 | N100: 0 | O100: 0 | P100: 0 | Q100: 0 | R100: 0 | S100: 0 | T100: 0 | U100: 0 | V100: 0 | W100: 0 | X100: 0 | Y100: 0 | Z100: 0 | AA100: 0 | AB100: 0 | AC100: 0 | AD100: 0 | AE100: 0 | AF100: 0 | AG100: 0 | AT100: 201606 | AU100: 0 | AV100: 0 | AW100: 0 | AX100: 0 | AY100: 0 | AZ100: 0 | BA100: 0 | BB100: 0 | BC100: 0 | BD100: 0 | BE100: 0 | BF100: 0 | BG100: 0 | BH100: 0 | BI100: 0 | BJ100: 0 | BK100: 0 | BL100: 0 | BM100: 0 | BN100: 0 | BO100: 0 | BP100: 0 | BQ100: 0 | BR100: 0 | BS100: 0 | BT100: 0 | BU100: 0 | BV100: 0 | BW100: 0 | BX100: 0 | BY100: 0
B101: 201609 | C101: 0 | D101: 0 | E101: 0 | F101: 0 | G101: 0 | H101: 0 | I101: 0 | J101: 0 | K101: 0 | L101: 0 | M101: 0 | N101: 0 | O101: 0 | P101: 0 | Q101: 0 | R101: 0 | S101: 0 | T101: 0 | U101: 0 | V101: 0 | W101: 0 | X101: 0 | Y101: 0 | Z101: 0 | AA101: 0 | AB101: 0 | AC101: 0 | AD101: 0 | AE101: 0 | AF101: 0 | AT101: 201609 | AU101: 0 | AV101: 0 | AW101: 0 | AX101: 0 | AY101: 0 | AZ101: 0 | BA101: 0 | BB101: 0 | BC101: 0 | BD101: 0 | BE101: 0 | BF101: 0 | BG101: 0 | BH101: 0 | BI101: 0 | BJ101: 0 | BK101: 0 | BL101: 0 | BM101: 0 | BN101: 0 | BO101: 0 | BP101: 0 | BQ101: 0 | BR101: 0 | BS101: 0 | BT101: 0 | BU101: 0 | BV101: 0 | BW101: 0 | BX101: 0
B102: 201612 | C102: 0 | D102: 0 | E102: 0 | F102: 0 | G102: 0 | H102: 0 | I102: 0 | J102: 0 | K102: 0 | L102: 0 | M102: 0 | N102: 0 | O102: 0 | P102: 0 | Q102: 0 | R102: 0 | S102: 0 | T102: 0 | U102: 0 | V102: 0 | W102: 0 | X102: 0 | Y102: 0 | Z102: 0 | AA102: 0 | AB102: 0 | AC102: 0 | AD102: 0 | AE102: 0 | AT102: 201612 | AU102: 0 | AV102: 0 | AW102: 0 | AX102: 0 | AY102: 0 | AZ102: 0 | BA102: 0 | BB102: 0 | BC102: 0 | BD102: 0 | BE102: 0 | BF102: 0 | BG102: 0 | BH102: 0 | BI102: 0 | BJ102: 0 | BK102: 0 | BL102: 0 | BM102: 0 | BN102: 0 | BO102: 0 | BP102: 0 | BQ102: 0 | BR102: 0 | BS102: 0 | BT102: 0 | BU102: 0 | BV102: 0 | BW102: 0
B103: 201703 | C103: 0 | D103: 0 | E103: 0 | F103: 0 | G103: 0 | H103: 0 | I103: 0 | J103: 0 | K103: 0 | L103: 0 | M103: 0 | N103: 0 | O103: 0 | P103: 0 | Q103: 0 | R103: 0 | S103: 0 | T103: 0 | U103: 0 | V103: 0 | W103: 0 | X103: 0 | Y103: 0 | Z103: 0 | AA103: 0 | AB103: 0 | AC103: 0 | AD103: 0 | AT103: 201703 | AU103: 0 | AV103: 0 | AW103: 0 | AX103: 0 | AY103: 0 | AZ103: 0 | BA103: 0 | BB103: 0 | BC103: 0 | BD103: 0 | BE103: 0 | BF103: 0 | BG103: 0 | BH103: 0 | BI103: 0 | BJ103: 0 | BK103: 0 | BL103: 0 | BM103: 0 | BN103: 0 | BO103: 0 | BP103: 0 | BQ103: 0 | BR103: 0 | BS103: 0 | BT103: 0 | BU103: 0 | BV103: 0
...

Sheet 融资性保证险
B2: 黄色底格要求可自行填写或输入公式 | AT2: 黄色底格要求可自行填写或输入公式
B3: 再保前 | AT3: 再保后
B4: 累计已决三角形 | AJ4: 单位：人民币元 | AT4: 累计已决三角形 | CB4: 单位：人民币元
B5: 事故月份 | C5: 进展区间 | AT5: 事故月份 | AU5: 进展区间
C6: 1 | D6: 2 | E6: 3 | F6: 4 | G6: 5 | H6: 6 | I6: 7 | J6: 8 | K6: 9 | L6: 10 | M6: 11 | N6: 12 | O6: 13 | P6: 14 | Q6: 15 | R6: 16 | S6: 17 | T6: 18 | U6: 19 | V6: 20 | W6: 21 | X6: 22 | Y6: 23 | Z6: 24 | AA6: 25 | AB6: 26 | AC6: 27 | AD6: 28 | AE6: 29 | AF6: 30 | AG6: 31 | AH6: 32 | AI6: 33 | AJ6: 34 | AK6: 35 | AU6: 1 | AV6: 2 | AW6: 3 | AX6: 4 | AY6: 5 | AZ6: 6 | BA6: 7 | BB6: 8 | BC6: 9 | BD6: 10 | BE6: 11 | BF6: 12 | BG6: 13 | BH6: 14 | BI6: 15 | BJ6: 16 | BK6: 17 | BL6: 18 | BM6: 19 | BN6: 20 | BO6: 21 | BP6: 22 | BQ6: 23 | BR6: 24 | BS6: 25 | BT6: 26 | BU6: 27 | BV6: 28 | BW6: 29 | BX6: 30 | BY6: 31 | BZ6: 32 | CA6: 33 | CB6: 34 | CC6: 35
B7: 201506 | C7: 0 | D7: 0 | E7: 0 | F7: 0 | G7: 0 | H7: 0 | I7: 0 | J7: 0 | K7: 0 | L7: 0 | M7: 0 | N7: 0 | O7: 0 | P7: 0 | Q7: 0 | R7: 0 | S7: 0 | T7: 0 | U7: 0 | V7: 0 | W7: 0 | X7: 0 | Y7: 0 | Z7: 0 | AA7: 0 | AB7: 0 | AC7: 0 | AD7: 0 | AE7: 0 | AF7: 0 | AG7: 0 | AH7: 0 | AI7: 0 | AJ7: 0 | AK7: 0 | AT7: 201506 | AU7: 0 | AV7: 0 | AW7: 0 | AX7: 0 | AY7: 0 | AZ7: 0 | BA7: 0 | BB7: 0 | BC7: 0 | BD7: 0 | BE7: 0 | BF7: 0 | BG7: 0 | BH7: 0 | BI7: 0 | BJ7: 0 | BK7: 0 | BL7: 0 | BM7: 0 | BN7: 0 | BO7: 0 | BP7: 0 | BQ7: 0 | BR7: 0 | BS7: 0 | BT7: 0 | BU7: 0 | BV7: 0 | BW7: 0 | BX7: 0 | BY7: 0 | BZ7: 0 | CA7: 0 | CB7: 0 | CC7: 0
B8: 201509 | C8: 0 | D8: 0 | E8: 0 | F8: 0 | G8: 0 | H8: 0 | I8: 0 | J8: 0 | K8: 0 | L8: 0 | M8: 0 | N8: 0 | O8: 0 | P8: 0 | Q8: 0 | R8: 0 | S8: 0 | T8: 0 | U8: 0 | V8: 0 | W8: 0 | X8: 0 | Y8: 0 | Z8: 0 | AA8: 0 | AB8: 0 | AC8: 0 | AD8: 0 | AE8: 0 | AF8: 0 | AG8: 0 | AH8: 0 | AI8: 0 | AJ8: 0 | AT8: 201509 | AU8: 0 | AV8: 0 | AW8: 0 | AX8: 0 | AY8: 0 | AZ8: 0 | BA8: 0 | BB8: 0 | BC8: 0 | BD8: 0 | BE8: 0 | BF8: 0 | BG8: 0 | BH8: 0 | BI8: 0 | BJ8: 0 | BK8: 0 | BL8: 0 | BM8: 0 | BN8: 0 | BO8: 0 | BP8: 0 | BQ8: 0 | BR8: 0 | BS8: 0 | BT8: 0 | BU8: 0 | BV8: 0 | BW8: 0 | BX8: 0 | BY8: 0 | BZ8: 0 | CA8: 0 | CB8: 0
B9: 201512 | C9: 0 | D9: 0 | E9: 0 | F9: 0 | G9: 0 | H9: 0 | I9: 0 | J9: 0 | K9: 0 | L9: 0 | M9: 0 | N9: 0 | O9: 0 | P9: 0 | Q9: 0 | R9: 0 | S9: 0 | T9: 0 | U9: 0 | V9: 0 | W9: 0 | X9: 0 | Y9: 0 | Z9: 0 | AA9: 0 | AB9: 0 | AC9: 0 | AD9: 0 | AE9: 0 | AF9: 0 | AG9: 0 | AH9: 0 | AI9: 0 | AT9: 201512 | AU9: 0 | AV9: 0 | AW9: 0 | AX9: 0 | AY9: 0 | AZ9: 0 | BA9: 0 | BB9: 0 | BC9: 0 | BD9: 0 | BE9: 0 | BF9: 0 | BG9: 0 | BH9: 0 | BI9: 0 | BJ9: 0 | BK9: 0 | BL9: 0 | BM9: 0 | BN9: 0 | BO9: 0 | BP9: 0 | BQ9: 0 | BR9: 0 | BS9: 0 | BT9: 0 | BU9: 0 | BV9: 0 | BW9: 0 | BX9: 0 | BY9: 0 | BZ9: 0 | CA9: 0
B10: 201603 | C10: 0 | D10: 0 | E10: 0 | F10: 0 | G10: 0 | H10: 0 | I10: 0 | J10: 0 | K10: 0 | L10: 0 | M10: 0 | N10: 0 | O10: 0 | P10: 0 | Q10: 0 | R10: 0 | S10: 0 | T10: 0 | U10: 0 | V10: 0 | W10: 0 | X10: 0 | Y10: 0 | Z10: 0 | AA10: 0 | AB10: 0 | AC10: 0 | AD10: 0 | AE10: 0 | AF10: 0 | AG10: 0 | AH10: 0 | AT10: 201603 | AU10: 0 | AV10: 0 | AW10: 0 | AX10: 0 | AY10: 0 | AZ10: 0 | BA10: 0 | BB10: 0 | BC10: 0 | BD10: 0 | BE10: 0 | BF10: 0 | BG10: 0 | BH10: 0 | BI10: 0 | BJ10: 0 | BK10: 0 | BL10: 0 | BM10: 0 | BN10: 0 | BO10: 0 | BP10: 0 | BQ10: 0 | BR10: 0 | BS10: 0 | BT10: 0 | BU10: 0 | BV10: 0 | BW10: 0 | BX10: 0 | BY10: 0 | BZ10: 0
B11: 201606 | C11: 0 | D11: 0 | E11: 0 | F11: 0 | G11: 0 | H11: 0 | I11: 0 | J11: 0 | K11: 0 | L11: 0 | M11: 0 | N11: 0 | O11: 0 | P11: 0 | Q11: 0 | R11: 0 | S11: 0 | T11: 0 | U11: 0 | V11: 0 | W11: 0 | X11: 0 | Y11: 0 | Z11: 0 | AA11: 0 | AB11: 0 | AC11: 0 | AD11: 0 | AE11: 0 | AF11: 0 | AG11: 0 | AT11: 201606 | AU11: 0 | AV11: 0 | AW11: 0 | AX11: 0 | AY11: 0 | AZ11: 0 | BA11: 0 | BB11: 0 | BC11: 0 | BD11: 0 | BE11: 0 | BF11: 0 | BG11: 0 | BH11: 0 | BI11: 0 | BJ11: 0 | BK11: 0 | BL11: 0 | BM11: 0 | BN11: 0 | BO11: 0 | BP11: 0 | BQ11: 0 | BR11: 0 | BS11: 0 | BT11: 0 | BU11: 0 | BV11: 0 | BW11: 0 | BX11: 0 | BY11: 0
B12: 201609 | C12: 0 | D12: 0 | E12: 0 | F12: 0 | G12: 0 | H12: 0 | I12: 0 | J12: 0 | K12: 0 | L12: 0 | M12: 0 | N12: 0 | O12: 0 | P12: 0 | Q12: 0 | R12: 0 | S12: 0 | T12: 0 | U12: 0 | V12: 0 | W12: 0 | X12: 0 | Y12: 0 | Z12: 0 | AA12: 0 | AB12: 0 | AC12: 0 | AD12: 0 | AE12: 0 | AF12: 0 | AT12: 201609 | AU12: 0 | AV12: 0 | AW12: 0 | AX12: 0 | AY12: 0 | AZ12: 0 | BA12: 0 | BB12: 0 | BC12: 0 | BD12: 0 | BE12: 0 | BF12: 0 | BG12: 0 | BH12: 0 | BI12: 0 | BJ12: 0 | BK12: 0 | BL12: 0 | BM12: 0 | BN12: 0 | BO12: 0 | BP12: 0 | BQ12: 0 | BR12: 0 | BS12: 0 | BT12: 0 | BU12: 0 | BV12: 0 | BW12: 0 | BX12: 0
B13: 201612 | C13: 28000 | D13: 120081.42 | E13: 225081.42 | F13: 2047879.5 | G13: 5882335.3 | H13: 5882335.3 | I13: 5882335.3 | J13: 5882335.3 | K13: 5882335.3 | L13: 5882335.3 | M13: 5882335.3 | N13: 5882335.3 | O13: 5848635.3 | P13: 5848635.3 | Q13: 5848635.3 | R13: 5848635.3 | S13: 5846685.3 | T13: 5801185.3 | U13: 5697185.3 | V13: 5651685.3 | W13: 5651685.3 | X13: 5567185.3 | Y13: 5567185.3 | Z13: 5567185.3 | AA13: 5535985.3 | AB13: 5535985.3 | AC13: 5535985.3 | AD13: 5535985.3 | AE13: 5535985.3 | AT13: 201612 | AU13: 28000 | AV13: 120081.42 | AW13: 225081.42 | AX13: 2047879.5 | AY13: 5882335.3 | AZ13: 5882335.3 | BA13: 5882335.3 | BB13: 5882335.3 | BC13: 5882335.3 | BD13: 5882335.3 | BE13: 5882335.3 | BF13: 5882335.3 | BG13: 5848635.3 | BH13: 5848635.3 | BI13: 5848635.3 | BJ13: 5848635.3 | BK13: 5846685.3 | BL13: 5801185.3 | BM13: 5697185.3 | BN13: 5651685.3 | BO13: 5651685.3 | BP13: 5567185.3 | BQ13: 5567185.3 | BR13: 5567185.3 | BS13: 5535985.3 | BT13: 5535985.3 | BU13: 5535985.3 | BV13: 5535985.3 | BW13: 5535985.3
B14: 201703 | C14: 112000 | D14: 287000 | E14: 4690194.1 | F14: 7546009 | G14: 7546009 | H14: 7546009 | I14: 7823091.7 | J14: 7823091.7 | K14: 7823091.7 | L14: 7823091.7 | M14: 7823091.7 | N14: 7453768.4 | O14: 7453768.4 | P14: 7451818.4 | Q14: 7431018.4 | R14: 7417043.4 | S14: 7415093.4 | T14: 7413143.4 | U14: 7413143.4 | V14: 7413143.4 | W14: 7413143.4 | X14: 7413143.4 | Y14: 7330648.8 | Z14: 7285625.9 | AA14: 7259625.9 | AB14: 7253125.9 | AC14: 7253125.9 | AD14: 7252475.9 | AT14: 201703 | AU14: 112000 | AV14: 287000 | AW14: 4690194.1 | AX14: 7546009 | AY14: 7546009 | AZ14: 7546009 | BA14: 7823091.7 | BB14: 7823091.7 | BC14: 7823091.7 | BD14: 7823091.7 | BE14: 7823091.7 | BF14: 7453768.4 | BG14: 7453768.4 | BH14: 7451818.4 | BI14: 7431018.4 | BJ14: 7417043.4 | BK14: 7415093.4 | BL14: 7413143.4 | BM14: 7413143.4 | BN14: 7413143.4 | BO14: 7413143.4 | BP14: 7413143.4 | BQ14: 7330648.8 | BR14: 7285625.9 | BS14: 7259625.9 | BT14: 7253125.9 | BU14: 7253125.9 | BV14: 7252475.9
B15: 201706 | C15: 0 | D15: 0 | E15: 391799.12 | F15: 391799.12 | G15: 391799.12 | H15: 391799.12 | I15: 391799.12 | J15: 391799.12 | K15: 391799.12 | L15: 391799.12 | M15: 234464.28 | N15: 234464.28 | O15: 234464.28 | P15: 234464.28 | Q15: 234464.28 | R15: 234464.28 | S15: 234464.28 | T15: 234464.28 | U15: 234464.28 | V15: 234464.28 | W15: 234464.28 | X15: 234464.28 | Y15: 150464.28 | Z15: 150464.28 | AA15: 150464.28 | AB15: 150464.28 | AC15: 150464.28 | AT15: 201706 | AU15: 0 | AV15: 0 | AW15: 391799.12 | AX15: 391799.12 | AY15: 391799.12 | AZ15: 391799.12 | BA15: 391799.12 | BB15: 391799.12 | BC15: 391799.12 | BD15: 391799.12 | BE15: 234464.28 | BF15: 234464.28 | BG15: 234464.28 | BH15: 234464.28 | BI15: 234464.28 | BJ15: 234464.28 | BK15: 234464.28 | BL15: 234464.28 | BM15: 234464.28 | BN15: 234464.28 | BO15: 234464.28 | BP15: 234464.28 | BQ15: 150464.28 | BR15: 150464.28 | BS15: 150464.28 | BT15: 150464.28 | BU15: 150464.28
B16: 201709 | C16: 0 | D16: 0 | E16: 0 | F16: 0 | G16: 0 | H16: 0 | I16: 0 | J16: 0 | K16: 0 | L16: 0 | M16: 0 | N16: 0 | O16: 0 | P16: 0 | Q16: 0 | R16: 0 | S16: 0 | T16: 0 | U16: 0 | V16: 0 | W16: 0 | X16: 0 | Y16: 0 | Z16: 0 | AA16: 0 | AB16: 0 | AT16: 201709 | AU16: 0 | AV16: 0 | AW16: 0 | AX16: 0 | AY16: 0 | AZ16: 0 | BA16: 0 | BB16: 0 | BC16: 0 | BD16: 0 | BE16: 0 | BF16: 0 | BG16: 0 | BH16: 0 | BI16: 0 | BJ16: 0 | BK16: 0 | BL16: 0 | BM16: 0 | BN16: 0 | BO16: 0 | BP16: 0 | BQ16: 0 | BR16: 0 | BS16: 0 | BT16: 0
B17: 201712 | C17: 0 | D17: 0 | E17: 0 | F17: 2195522 | G17: 2352066.9 | H17: 2352066.9 | I17: 2352066.9 | J17: 2352066.9 | K17: 2777603.1 | L17: 2777603.1 | M17: 2777603.1 | N17: 2773138.1 | O17: 2773138.1 | P17: 2773138.1 | Q17: 2773138.1 | R17: 2773138.1 | S17: 2690074.6 | T17: 2725074.6 | U17: 2725074.6 | V17: 2809074.6 | W17: 2809074.6 | X17: 2809074.6 | Y17: 3849274.6 | Z17: 3849274.6 | AA17: 3812069.3 | AT17: 201712 | AU17: 0 | AV17: 0 | AW17: 0 | AX17: 2195522 | AY17: 2352066.9 | AZ17: 2352066.9 | BA17: 2352066.9 | BB17: 2352066.9 | BC17: 2777603.1 | BD17: 2777603.1 | BE17: 2777603.1 | BF17: 2773138.1 | BG17: 2773138.1 | BH17: 2773138.1 | BI17: 2773138.1 | BJ17: 2773138.1 | BK17: 2690074.6 | BL17: 2725074.6 | BM17: 2725074.6 | BN17: 2809074.6 | BO17: 2809074.6 | BP17: 2809074.6 | BQ17: 3849274.6 | BR17: 3849274.6 | BS17: 3812069.3
B18: 201803 | C18: 0 | D18: 0 | E18: 0 | F18: 294740.78 | G18: 294740.78 | H18: 294740.78 | I18: 294740.78 | J18: 1923623.1 | K18: 1923623.1 | L18: 1923623.1 | M18: 2037123.1 | N18: 2019498.1 | O18: 2019498.1 | P18: 2019498.1 | Q18: 2019498.1 | R18: 2019498.1 | S18: 2019498.1 | T18: 2019498.1 | U18: 2019498.1 | V18: 2019498.1 | W18: 2019498.1 | X18: 2019498.1 | Y18: 2019498.1 | Z18: 1957915.8 | AT18: 201803 | AU18: 0 | AV18: 0 | AW18: 0 | AX18: 294740.78 | AY18: 294740.78 | AZ18: 294740.78 | BA18: 294740.78 | BB18: 1923623.1 | BC18: 1923623.1 | BD18: 1923623.1 | BE18: 2037123.1 | BF18: 2019498.1 | BG18: 2019498.1 | BH18: 2019498.1 | BI18: 2019498.1 | BJ18: 2019498.1 | BK18: 2019498.1 | BL18: 2019498.1 | BM18: 2019498.1 | BN18: 2019498.1 | BO18: 2019498.1 | BP18: 2019498.1 | BQ18: 2019498.1 | BR18: 1957915.8
B19: 201806 | C19: 0 | D19: 0 | E19: 551624.94 | F19: 551624.94 | G19: 551624.94 | H19: 551624.94 | I19: 1637911.2 | J19: 1637911.2 | K19: 1637911.2 | L19: 1813555.4 | M19: 1698092.9 | N19: 1698092.9 | O19: 1698092.9 | P19: 1698092.9 | Q19: 1698092.9 | R19: 1698092.9 | S19: 1698092.9 | T19: 1698092.9 | U19: 1698092.9 | V19: 1698092.9 | W19: 1698092.9 | X19: 1698092.9 | Y19: 1698092.9 | AT19: 201806 | AU19: 0 | AV19: 0 | AW19: 551624.94 | AX19: 551624.94 | AY19: 551624.94 | AZ19: 551624.94 | BA19: 1637911.2 | BB19: 1637911.2 | BC19: 1637911.2 | BD19: 1813555.4 | BE19: 1698092.9 | BF19: 1698092.9 | BG19: 1698092.9 | BH19: 1698092.9 | BI19: 1698092.9 | BJ19: 1698092.9 | BK19: 1698092.9 | BL19: 1698092.9 | BM19: 1698092.9 | BN19: 1698092.9 | BO19: 1698092.9 | BP19: 1698092.9 | BQ19: 1698092.9
B20: 201809 | C20: 0 | D20: 0 | E20: 0 | F20: 371717.97 | G20: 371717.97 | H20: 631946.09 | I20: 839035.97 | J20: 839035.97 | K20: 839035.97 | L20: 914550.97 | M20: 914550.97 | N20: 914550.97 | O20: 914550.97 | P20: 839634.47 | Q20: 839634.47 | R20: 839634.47 | S20: 839634.47 | T20: 839634.47 | U20: 839634.47 | V20: 839634.47 | W20: 839634.47 | X20: 837918.11 | AT20: 201809 | AU20: 0 | AV20: 0 | AW20: 0 | AX20: 371717.97 | AY20: 371717.97 | AZ20: 631946.09 | BA20: 839035.97 | BB20: 839035.97 | BC20: 839035.97 | BD20: 914550.97 | BE20: 914550.97 | BF20: 914550.97 | BG20: 914550.97 | BH20: 839634.47 | BI20: 839634.47 | BJ20: 839634.47 | BK20: 839634.47 | BL20: 839634.47 | BM20: 839634.47 | BN20: 839634.47 | BO20: 839634.47 | BP20: 837918.11
B21: 201812 | C21: 0 | D21: 0 | E21: 1235098.7 | F21: 1235098.7 | G21: 1637833.7 | H21: 1711689.6 | I21: 1741102.8 | J21: 1911664.4 | K21: 1889093.7 | L21: 1889093.7 | M21: 1889093.7 | N21: 1889093.7 | O21: 1889093.7 | P21: 1889093.7 | Q21: 1889093.7 | R21: 1889093.7 | S21: 1889093.7 | T21: 1889093.7 | U21: 1889093.7 | V21: 1889093.7 | W21: 1889093.7 | AT21: 201812 | AU21: 0 | AV21: 0 | AW21: 1235098.7 | AX21: 1235098.7 | AY21: 1637833.7 | AZ21: 1711689.6 | BA21: 1741102.8 | BB21: 1911664.4 | BC21: 1889093.7 | BD21: 1889093.7 | BE21: 1889093.7 | BF21: 1889093.7 | BG21: 1889093.7 | BH21: 1889093.7 | BI21: 1889093.7 | BJ21: 1889093.7 | BK21: 1889093.7 | BL21: 1889093.7 | BM21: 1889093.7 | BN21: 1889093.7 | BO21: 1889093.7
B22: 201903 | C22: 0 | D22: 0 | E22: 1308755.8 | F22: 2298657.5 | G22: 2298657.5 | H22: 2298657.5 | I22: 2869761.6 | J22: 2947592.9 | K22: 2987004.1 | L22: 2987004.1 | M22: 2987004.1 | N22: 3891350 | O22: 3891350 | P22: 3891350 | Q22: 3891350 | R22: 3890650 | S22: 3890650 | T22: 3890650 | U22: 3890650 | V22: 3890650 | AT22: 201903 | AU22: 0 | AV22: 0 | AW22: 1308755.8 | AX22: 2298657.5 | AY22: 2298657.5 | AZ22: 2298657.5 | BA22: 2869761.6 | BB22: 2947592.9 | BC22: 2987004.1 | BD22: 2987004.1 | BE22: 2987004.1 | BF22: 3891350 | BG22: 3891350 | BH22: 3891350 | BI22: 3891350 | BJ22: 3890650 | BK22: 3890650 | BL22: 3890650 | BM22: 3890650 | BN22: 3890650
B23: 201906 | C23: 0 | D23: 0 | E23: 0 | F23: 0 | G23: 0 | H23: 0 | I23: 0 | J23: 0 | K23: 0 | L23: 0 | M23: 0 | N23: 0 | O23: 0 | P23: 0 | Q23: 0 | R23: 0 | S23: 0 | T23: 0 | U23: 0 | AT23: 201906 | AU23: 0 | AV23: 0 | AW23: 0 | AX23: 0 | AY23: 0 | AZ23: 0 | BA23: 0 | BB23: 0 | BC23: 0 | BD23: 0 | BE23: 0 | BF23: 0 | BG23: 0 | BH23: 0 | BI23: 0 | BJ23: 0 | BK23: 0 | BL23: 0 | BM23: 0
B24: 201909 | C24: 0 | D24: 1438260.9 | E24: 1438260.9 | F24: 1438260.9 | G24: 1438260.9 | H24: 1123778.3 | I24: 1123778.3 | J24: 1117278.3 | K24: 1117278.3 | L24: 1117278.3 | M24: 1117278.3 | N24: 1117278.3 | O24: 1117278.3 | P24: 1117278.3 | Q24: 1117278.3 | R24: 1117278.3 | S24: 1117278.3 | T24: 1117278.3 | AT24: 201909 | AU24: 0 | AV24: 1438260.9 | AW24: 1438260.9 | AX24: 1438260.9 | AY24: 1438260.9 | AZ24: 1123778.3 | BA24: 1123778.3 | BB24: 1117278.3 | BC24: 1117278.3 | BD24: 1117278.3 | BE24: 1117278.3 | BF24: 1117278.3 | BG24: 1117278.3 | BH24: 1117278.3 | BI24: 1117278.3 | BJ24: 1117278.3 | BK24: 1117278.3 | BL24: 1117278.3
B25: 201912 | C25: 0 | D25: 0 | E25: 0 | F25: 0 | G25: 0 | H25: 0 | I25: 0 | J25: 0 | K25: 0 | L25: 0 | M25: 0 | N25: 0 | O25: 0 | P25: 0 | Q25: 0 | R25: 0 | S25: 0 | AT25: 201912 | AU25: 0 | AV25: 0 | AW25: 0 | AX25: 0 | AY25: 0 | AZ25: 0 | BA25: 0 | BB25: 0 | BC25: 0 | BD25: 0 | BE25: 0 | BF25: 0 | BG25: 0 | BH25: 0 | BI25: 0 | BJ25: 0 | BK25: 0
B26: 202003 | C26: 0 | D26: 0 | E26: 0 | F26: 0 | G26: 0 | H26: 0 | I26: 0 | J26: 0 | K26: 250000 | L26: 250000 | M26: 250000 | N26: 250000 | O26: 250000 | P26: 250000 | Q26: 250000 | R26: 250000 | AT26: 202003 | AU26: 0 | AV26: 0 | AW26: 0 | AX26: 0 | AY26: 0 | AZ26: 0 | BA26: 0 | BB26: 0 | BC26: 250000 | BD26: 250000 | BE26: 250000 | BF26: 250000 | BG26: 250000 | BH26: 250000 | BI26: 250000 | BJ26: 250000
B27: 202006 | C27: 0 | D27: 0 | E27: 0 | F27: 0 | G27: 0 | H27: 0 | I27: 0 | J27: 0 | K27: 0 | L27: 0 | M27: 0 | N27: 0 | O27: 0 | P27: 0 | Q27: 0 | AT27: 202006 | AU27: 0 | AV27: 0 | AW27: 0 | AX27: 0 | AY27: 0 | AZ27: 0 | BA27: 0 | BB27: 0 | BC27: 0 | BD27: 0 | BE27: 0 | BF27: 0 | BG27: 0 | BH27: 0 | BI27: 0
B28: 202009 | C28: 0 | D28: 0 | E28: 0 | F28: 0 | G28: 0 | H28: 0 | I28: 900000 | J28: 900000 | K28: 900000 | L28: 900000 | M28: 900000 | N28: 900000 | O28: 900000 | P28: 900000 | AT28: 202009 | AU28: 0 | AV28: 0 | AW28: 0 | AX28: 0 | AY28: 0 | AZ28: 0 | BA28: 900000 | BB28: 900000 | BC28: 900000 | BD28: 900000 | BE28: 900000 | BF28: 900000 | BG28: 900000 | BH28: 900000
B29: 202012 | C29: 0 | D29: 0 | E29: 271710.74 | F29: 271710.74 | G29: 271710.74 | H29: 271710.74 | I29: 271710.74 | J29: 271710.74 | K29: 254398.57 | L29: 254398.57 | M29: 174398.57 | N29: 94398.57 | O29: 44398.57 | AT29: 202012 | AU29: 0 | AV29: 0 | AW29: 271710.74 | AX29: 271710.74 | AY29: 271710.74 | AZ29: 271710.74 | BA29: 271710.74 | BB29: 271710.74 | BC29: 254398.57 | BD29: 254398.57 | BE29: 174398.57 | BF29: 94398.57 | BG29: 44398.57
B30: 202103 | C30: 0 | D30: 0 | E30: 0 | F30: 1758330.8 | G30: 1758330.8 | H30: 1758330.8 | I30: 1758330.8 | J30: 1758330.8 | K30: 1758330.8 | L30: 1758330.8 | M30: 1758330.8 | N30: 1758330.8 | AT30: 202103 | AU30: 0 | AV30: 0 | AW30: 0 | AX30: 1758330.8 | AY30: 1758330.8 | AZ30: 1758330.8 | BA30: 1758330.8 | BB30: 1758330.8 | BC30: 1758330.8 | BD30: 1758330.8 | BE30: 1758330.8 | BF30: 1758330.8
B31: 202106 | C31: 0 | D31: 0 | E31: 0 | F31: 0 | G31: 0 | H31: 0 | I31: 0 | J31: 0 | K31: 0 | L31: 0 | M31: 0 | AT31: 202106 | AU31: 0 | AV31: 0 | AW31: 0 | AX31: 0 | AY31: 0 | AZ31: 0 | BA31: 0 | BB31: 0 | BC31: 0 | BD31: 0 | BE31: 0
B32: 202109 | C32: 0 | D32: 0 | E32: 0 | F32: 0 | G32: 0 | H32: 0 | I32: 0 | J32: 0 | K32: 0 | L32: 0 | AT32: 202109 | AU32: 0 | AV32: 0 | AW32: 0 | AX32: 0 | AY32: 0 | AZ32: 0 | BA32: 0 | BB32: 0 | BC32: 0 | BD32: 0
B33: 202112 | C33: 0 | D33: 0 | E33: 0 | F33: 0 | G33: 0 | H33: 0 | I33: 0 | J33: 0 | K33: 0 | AT33: 202112 | AU33: 0 | AV33: 0 | AW33: 0 | AX33: 0 | AY33: 0 | AZ33: 0 | BA33: 0 | BB33: 0 | BC33: 0
B34: 202203 | C34: 0 | D34: 0 | E34: 0 | F34: 0 | G34: 0 | H34: 0 | I34: 0 | J34: 0 | AT34: 202203 | AU34: 0 | AV34: 0 | AW34: 0 | AX34: 0 | AY34: 0 | AZ34: 0 | BA34: 0 | BB34: 0
B35: 202206 | C35: 0 | D35: 0 | E35: 0 | F35: 0 | G35: 0 | H35: 0 | I35: 0 | AT35: 202206 | AU35: 0 | AV35: 0 | AW35: 0 | AX35: 0 | AY35: 0 | AZ35: 0 | BA35: 0
B36: 202209 | C36: 0 | D36: 0 | E36: 0 | F36: 0 | G36: 0 | H36: 0 | AT36: 202209 | AU36: 0 | AV36: 0 | AW36: 0 | AX36: 0 | AY36: 0 | AZ36: 0
B37: 202212 | C37: 0 | D37: 0 | E37: 0 | F37: 0 | G37: 0 | AT37: 202212 | AU37: 0 | AV37: 0 | AW37: 0 | AX37: 0 | AY37: 0
B38: 202303 | C38: 0 | D38: 0 | E38: 0 | F38: 0 | AT38: 202303 | AU38: 0 | AV38: 0 | AW38: 0 | AX38: 0
B39: 202306 | C39: 0 | D39: 0 | E39: 0 | AT39: 202306 | AU39: 0 | AV39: 0 | AW39: 0
B40: 202309 | C40: 0 | D40: 0 | AT40: 202309 | AU40: 0 | AV40: 0
B41: 202312 | C41: 0 | AT41: 202312 | AU41: 0
B43: 已决进展因子 | AT43: 已决进展因子
B44: 事故月份 | C44: 进展区间 | AT44: 事故月份 | AU44: 进展区间
C45: 1 | D45: 2 | E45: 3 | F45: 4 | G45: 5 | H45: 6 | I45: 7 | J45: 8 | K45: 9 | L45: 10 | M45: 11 | N45: 12 | O45: 13 | P45: 14 | Q45: 15 | R45: 16 | S45: 17 | T45: 18 | U45: 19 | V45: 20 | W45: 21 | X45: 22 | Y45: 23 | Z45: 24 | AA45: 25 | AB45: 26 | AC45: 27 | AD45: 28 | AE45: 29 | AF45: 30 | AG45: 31 | AH45: 32 | AI45: 33 | AJ45: 34 | AK45: 35 | AU45: 1 | AV45: 2 | AW45: 3 | AX45: 4 | AY45: 5 | AZ45: 6 | BA45: 7 | BB45: 8 | BC45: 9 | BD45: 10 | BE45: 11 | BF45: 12 | BG45: 13 | BH45: 14 | BI45: 15 | BJ45: 16 | BK45: 17 | BL45: 18 | BM45: 19 | BN45: 20 | BO45: 21 | BP45: 22 | BQ45: 23 | BR45: 24 | BS45: 25 | BT45: 26 | BU45: 27 | BV45: 28 | BW45: 29 | BX45: 30 | BY45: 31 | BZ45: 32 | CA45: 33 | CB45: 34 | CC45: 35
B46: 201506 | C46: =IFERROR(IF(D7="","",D7/C7),0) -> 0 | D46: =IFERROR(IF(E7="","",E7/D7),0) -> 0 | E46: =IFERROR(IF(F7="","",F7/E7),0) -> 0 | F46: =IFERROR(IF(G7="","",G7/F7),0) -> 0 | G46: =IFERROR(IF(H7="","",H7/G7),0) -> 0 | H46: =IFERROR(IF(I7="","",I7/H7),0) -> 0 | I46: =IFERROR(IF(J7="","",J7/I7),0) -> 0 | J46: =IFERROR(IF(K7="","",K7/J7),0) -> 0 | ... AK46: =IFERROR(IF(AL7="","",AL7/AK7),0) | AT46: 201506 | AU46: =IFERROR(IF(AV7="","",AV7/AU7),0) -> 0 | AV46: =IFERROR(IF(AW7="","",AW7/AV7),0) -> 0 | AW46: =IFERROR(IF(AX7="","",AX7/AW7),0) -> 0 | AX46: =IFERROR(IF(AY7="","",AY7/AX7),0) -> 0 | AY46: =IFERROR(IF(AZ7="","",AZ7/AY7),0) -> 0 | AZ46: =IFERROR(IF(BA7="","",BA7/AZ7),0) -> 0 | BA46: =IFERROR(IF(BB7="","",BB7/BA7),0) -> 0 | BB46: =IFERROR(IF(BC7="","",BC7/BB7),0) -> 0 | ... CC46: =IFERROR(IF(CD7="","",CD7/CC7),0)
B47: 201509 | C47: =IFERROR(IF(D8="","",D8/C8),0) -> 0 | D47: =IFERROR(IF(E8="","",E8/D8),0) -> 0 | E47: =IFERROR(IF(F8="","",F8/E8),0) -> 0 | F47: =IFERROR(IF(G8="","",G8/F8),0) -> 0 | G47: =IFERROR(IF(H8="","",H8/G8),0) -> 0 | H47: =IFERROR(IF(I8="","",I8/H8),0) -> 0 | I47: =IFERROR(IF(J8="","",J8/I8),0) -> 0 | J47: =IFERROR(IF(K8="","",K8/J8),0) -> 0 | ... AJ47: =IFERROR(IF(AK8="","",AK8/AJ8),0) | AT47: 201509 | AU47: =IFERROR(IF(AV8="","",AV8/AU8),0) -> 0 | AV47: =IFERROR(IF(AW8="","",AW8/AV8),0) -> 0 | AW47: =IFERROR(IF(AX8="","",AX8/AW8),0) -> 0 | AX47: =IFERROR(IF(AY8="","",AY8/AX8),0) -> 0 | AY47: =IFERROR(IF(AZ8="","",AZ8/AY8),0) -> 0 | AZ47: =IFERROR(IF(BA8="","",BA8/AZ8),0) -> 0 | BA47: =IFERROR(IF(BB8="","",BB8/BA8),0) -> 0 | BB47: =IFERROR(IF(BC8="","",BC8/BB8),0) -> 0 | ... CB47: =IFERROR(IF(CC8="","",CC8/CB8),0)
B48: 201512 | C48: =IFERROR(IF(D9="","",D9/C9),0) -> 0 | D48: =IFERROR(IF(E9="","",E9/D9),0) -> 0 | E48: =IFERROR(IF(F9="","",F9/E9),0) -> 0 | F48: =IFERROR(IF(G9="","",G9/F9),0) -> 0 | G48: =IFERROR(IF(H9="","",H9/G9),0) -> 0 | H48: =IFERROR(IF(I9="","",I9/H9),0) -> 0 | I48: =IFERROR(IF(J9="","",J9/I9),0) -> 0 | J48: =IFERROR(IF(K9="","",K9/J9),0) -> 0 | ... AI48: =IFERROR(IF(AJ9="","",AJ9/AI9),0) | AT48: 201512 | AU48: =IFERROR(IF(AV9="","",AV9/AU9),0) -> 0 | AV48: =IFERROR(IF(AW9="","",AW9/AV9),0) -> 0 | AW48: =IFERROR(IF(AX9="","",AX9/AW9),0) -> 0 | AX48: =IFERROR(IF(AY9="","",AY9/AX9),0) -> 0 | AY48: =IFERROR(IF(AZ9="","",AZ9/AY9),0) -> 0 | AZ48: =IFERROR(IF(BA9="","",BA9/AZ9),0) -> 0 | BA48: =IFERROR(IF(BB9="","",BB9/BA9),0) -> 0 | BB48: =IFERROR(IF(BC9="","",BC9/BB9),0) -> 0 | ... CA48: =IFERROR(IF(CB9="","",CB9/CA9),0)
B49: 201603 | C49: =IFERROR(IF(D10="","",D10/C10),0) -> 0 | D49: =IFERROR(IF(E10="","",E10/D10),0) -> 0 | E49: =IFERROR(IF(F10="","",F10/E10),0) -> 0 | F49: =IFERROR(IF(G10="","",G10/F10),0) -> 0 | G49: =IFERROR(IF(H10="","",H10/G10),0) -> 0 | H49: =IFERROR(IF(I10="","",I10/H10),0) -> 0 | I49: =IFERROR(IF(J10="","",J10/I10),0) -> 0 | J49: =IFERROR(IF(K10="","",K10/J10),0) -> 0 | ... AH49: =IFERROR(IF(AI10="","",AI10/AH10),0) | AT49: 201603 | AU49: =IFERROR(IF(AV10="","",AV10/AU10),0) -> 0 | AV49: =IFERROR(IF(AW10="","",AW10/AV10),0) -> 0 | AW49: =IFERROR(IF(AX10="","",AX10/AW10),0) -> 0 | AX49: =IFERROR(IF(AY10="","",AY10/AX10),0) -> 0 | AY49: =IFERROR(IF(AZ10="","",AZ10/AY10),0) -> 0 | AZ49: =IFERROR(IF(BA10="","",BA10/AZ10),0) -> 0 | BA49: =IFERROR(IF(BB10="","",BB10/BA10),0) -> 0 | BB49: =IFERROR(IF(BC10="","",BC10/BB10),0) -> 0 | ... BZ49: =IFERROR(IF(CA10="","",CA10/BZ10),0)
B50: 201606 | C50: =IFERROR(IF(D11="","",D11/C11),0) -> 0 | D50: =IFERROR(IF(E11="","",E11/D11),0) -> 0 | E50: =IFERROR(IF(F11="","",F11/E11),0) -> 0 | F50: =IFERROR(IF(G11="","",G11/F11),0) -> 0 | G50: =IFERROR(IF(H11="","",H11/G11),0) -> 0 | H50: =IFERROR(IF(I11="","",I11/H11),0) -> 0 | I50: =IFERROR(IF(J11="","",J11/I11),0) -> 0 | J50: =IFERROR(IF(K11="","",K11/J11),0) -> 0 | ... AG50: =IFERROR(IF(AH11="","",AH11/AG11),0) | AT50: 201606 | AU50: =IFERROR(IF(AV11="","",AV11/AU11),0) -> 0 | AV50: =IFERROR(IF(AW11="","",AW11/AV11),0) -> 0 | AW50: =IFERROR(IF(AX11="","",AX11/AW11),0) -> 0 | AX50: =IFERROR(IF(AY11="","",AY11/AX11),0) -> 0 | AY50: =IFERROR(IF(AZ11="","",AZ11/AY11),0) -> 0 | AZ50: =IFERROR(IF(BA11="","",BA11/AZ11),0) -> 0 | BA50: =IFERROR(IF(BB11="","",BB11/BA11),0) -> 0 | BB50: =IFERROR(IF(BC11="","",BC11/BB11),0) -> 0 | ... BY50: =IFERROR(IF(BZ11="","",BZ11/BY11),0)
B51: 201609 | C51: =IFERROR(IF(D12="","",D12/C12),0) -> 0 | D51: =IFERROR(IF(E12="","",E12/D12),0) -> 0 | E51: =IFERROR(IF(F12="","",F12/E12),0) -> 0 | F51: =IFERROR(IF(G12="","",G12/F12),0) -> 0 | G51: =IFERROR(IF(H12="","",H12/G12),0) -> 0 | H51: =IFERROR(IF(I12="","",I12/H12),0) -> 0 | I51: =IFERROR(IF(J12="","",J12/I12),0) -> 0 | J51: =IFERROR(IF(K12="","",K12/J12),0) -> 0 | ... AF51: =IFERROR(IF(AG12="","",AG12/AF12),0) | AT51: 201609 | AU51: =IFERROR(IF(AV12="","",AV12/AU12),0) -> 0 | AV51: =IFERROR(IF(AW12="","",AW12/AV12),0) -> 0 | AW51: =IFERROR(IF(AX12="","",AX12/AW12),0) -> 0 | AX51: =IFERROR(IF(AY12="","",AY12/AX12),0) -> 0 | AY51: =IFERROR(IF(AZ12="","",AZ12/AY12),0) -> 0 | AZ51: =IFERROR(IF(BA12="","",BA12/AZ12),0) -> 0 | BA51: =IFERROR(IF(BB12="","",BB12/BA12),0) -> 0 | BB51: =IFERROR(IF(BC12="","",BC12/BB12),0) -> 0 | ... BX51: =IFERROR(IF(BY12="","",BY12/BX12),0)
B52: 201612 | C52: =IFERROR(IF(D13="","",D13/C13),0) -> 4.2886221 | D52: =IFERROR(IF(E13="","",E13/D13),0) -> 1.8744067 | E52: =IFERROR(IF(F13="","",F13/E13),0) -> 9.0983942 | F52: =IFERROR(IF(G13="","",G13/F13),0) -> 2.8724031 | G52: =IFERROR(IF(H13="","",H13/G13),0) -> 1 | H52: =IFERROR(IF(I13="","",I13/H13),0) -> 1 | I52: =IFERROR(IF(J13="","",J13/I13),0) -> 1 | J52: =IFERROR(IF(K13="","",K13/J13),0) -> 1 | ... AE52: =IFERROR(IF(AF13="","",AF13/AE13),0) | AT52: 201612 | AU52: =IFERROR(IF(AV13="","",AV13/AU13),0) -> 4.2886221 | AV52: =IFERROR(IF(AW13="","",AW13/AV13),0) -> 1.8744067 | AW52: =IFERROR(IF(AX13="","",AX13/AW13),0) -> 9.0983942 | AX52: =IFERROR(IF(AY13="","",AY13/AX13),0) -> 2.8724031 | AY52: =IFERROR(IF(AZ13="","",AZ13/AY13),0) -> 1 | AZ52: =IFERROR(IF(BA13="","",BA13/AZ13),0) -> 1 | BA52: =IFERROR(IF(BB13="","",BB13/BA13),0) -> 1 | BB52: =IFERROR(IF(BC13="","",BC13/BB13),0) -> 1 | ... BW52: =IFERROR(IF(BX13="","",BX13/BW13),0)
B53: 201703 | C53: =IFERROR(IF(D14="","",D14/C14),0) -> 2.5625 | D53: =IFERROR(IF(E14="","",E14/D14),0) -> 16.34214 | E53: =IFERROR(IF(F14="","",F14/E14),0) -> 1.6088906 | F53: =IFERROR(IF(G14="","",G14/F14),0) -> 1 | G53: =IFERROR(IF(H14="","",H14/G14),0) -> 1 | H53: =IFERROR(IF(I14="","",I14/H14),0) -> 1.0367191 | I53: =IFERROR(IF(J14="","",J14/I14),0) -> 1 | J53: =IFERROR(IF(K14="","",K14/J14),0) -> 1 | ... AD53: =IFERROR(IF(AE14="","",AE14/AD14),0) | AT53: 201703 | AU53: =IFERROR(IF(AV14="","",AV14/AU14),0) -> 2.5625 | AV53: =IFERROR(IF(AW14="","",AW14/AV14),0) -> 16.34214 | AW53: =IFERROR(IF(AX14="","",AX14/AW14),0) -> 1.6088906 | AX53: =IFERROR(IF(AY14="","",AY14/AX14),0) -> 1 | AY53: =IFERROR(IF(AZ14="","",AZ14/AY14),0) -> 1 | AZ53: =IFERROR(IF(BA14="","",BA14/AZ14),0) -> 1.0367191 | BA53: =IFERROR(IF(BB14="","",BB14/BA14),0) -> 1 | BB53: =IFERROR(IF(BC14="","",BC14/BB14),0) -> 1 | ... BV53: =IFERROR(IF(BW14="","",BW14/BV14),0)
B54: 201706 | C54: =IFERROR(IF(D15="","",D15/C15),0) -> 0 | D54: =IFERROR(IF(E15="","",E15/D15),0) -> 0 | E54: =IFERROR(IF(F15="","",F15/E15),0) -> 1 | F54: =IFERROR(IF(G15="","",G15/F15),0) -> 1 | G54: =IFERROR(IF(H15="","",H15/G15),0) -> 1 | H54: =IFERROR(IF(I15="","",I15/H15),0) -> 1 | I54: =IFERROR(IF(J15="","",J15/I15),0) -> 1 | J54: =IFERROR(IF(K15="","",K15/J15),0) -> 1 | ... AC54: =IFERROR(IF(AD15="","",AD15/AC15),0) | AT54: 201706 | AU54: =IFERROR(IF(AV15="","",AV15/AU15),0) -> 0 | AV54: =IFERROR(IF(AW15="","",AW15/AV15),0) -> 0 | AW54: =IFERROR(IF(AX15="","",AX15/AW15),0) -> 1 | AX54: =IFERROR(IF(AY15="","",AY15/AX15),0) -> 1 | AY54: =IFERROR(IF(AZ15="","",AZ15/AY15),0) -> 1 | AZ54: =IFERROR(IF(BA15="","",BA15/AZ15),0) -> 1 | BA54: =IFERROR(IF(BB15="","",BB15/BA15),0) -> 1 | BB54: =IFERROR(IF(BC15="","",BC15/BB15),0) -> 1 | ... BU54: =IFERROR(IF(BV15="","",BV15/BU15),0)
B55: 201709 | C55: =IFERROR(IF(D16="","",D16/C16),0) -> 0 | D55: =IFERROR(IF(E16="","",E16/D16),0) -> 0 | E55: =IFERROR(IF(F16="","",F16/E16),0) -> 0 | F55: =IFERROR(IF(G16="","",G16/F16),0) -> 0 | G55: =IFERROR(IF(H16="","",H16/G16),0) -> 0 | H55: =IFERROR(IF(I16="","",I16/H16),0) -> 0 | I55: =IFERROR(IF(J16="","",J16/I16),0) -> 0 | J55: =IFERROR(IF(K16="","",K16/J16),0) -> 0 | ... AB55: =IFERROR(IF(AC16="","",AC16/AB16),0) | AT55: 201709 | AU55: =IFERROR(IF(AV16="","",AV16/AU16),0) -> 0 | AV55: =IFERROR(IF(AW16="","",AW16/AV16),0) -> 0 | AW55: =IFERROR(IF(AX16="","",AX16/AW16),0) -> 0 | AX55: =IFERROR(IF(AY16="","",AY16/AX16),0) -> 0 | AY55: =IFERROR(IF(AZ16="","",AZ16/AY16),0) -> 0 | AZ55: =IFERROR(IF(BA16="","",BA16/AZ16),0) -> 0 | BA55: =IFERROR(IF(BB16="","",BB16/BA16),0) -> 0 | BB55: =IFERROR(IF(BC16="","",BC16/BB16),0) -> 0 | ... BT55: =IFERROR(IF(BU16="","",BU16/BT16),0)
B56: 201712 | C56: =IFERROR(IF(D17="","",D17/C17),0) -> 0 | D56: =IFERROR(IF(E17="","",E17/D17),0) -> 0 | E56: =IFERROR(IF(F17="","",F17/E17),0) -> 0 | F56: =IFERROR(IF(G17="","",G17/F17),0) -> 1.0713019 | G56: =IFERROR(IF(H17="","",H17/G17),0) -> 1 | H56: =IFERROR(IF(I17="","",I17/H17),0) -> 1 | I56: =IFERROR(IF(J17="","",J17/I17),0) -> 1 | J56: =IFERROR(IF(K17="","",K17/J17),0) -> 1.1809201 | ... AA56: =IFERROR(IF(AB17="","",AB17/AA17),0) | AT56: 201712 | AU56: =IFERROR(IF(AV17="","",AV17/AU17),0) -> 0 | AV56: =IFERROR(IF(AW17="","",AW17/AV17),0) -> 0 | AW56: =IFERROR(IF(AX17="","",AX17/AW17),0) -> 0 | AX56: =IFERROR(IF(AY17="","",AY17/AX17),0) -> 1.0713019 | AY56: =IFERROR(IF(AZ17="","",AZ17/AY17),0) -> 1 | AZ56: =IFERROR(IF(BA17="","",BA17/AZ17),0) -> 1 | BA56: =IFERROR(IF(BB17="","",BB17/BA17),0) -> 1 | BB56: =IFERROR(IF(BC17="","",BC17/BB17),0) -> 1.1809201 | ... BS56: =IFERROR(IF(BT17="","",BT17/BS17),0)
B57: 201803 | C57: =IFERROR(IF(D18="","",D18/C18),0) -> 0 | D57: =IFERROR(IF(E18="","",E18/D18),0) -> 0 | E57: =IFERROR(IF(F18="","",F18/E18),0) -> 0 | F57: =IFERROR(IF(G18="","",G18/F18),0) -> 1 | G57: =IFERROR(IF(H18="","",H18/G18),0) -> 1 | H57: =IFERROR(IF(I18="","",I18/H18),0) -> 1 | I57: =IFERROR(IF(J18="","",J18/I18),0) -> 6.5264912 | J57: =IFERROR(IF(K18="","",K18/J18),0) -> 1 | ... Z57: =IFERROR(IF(AA18="","",AA18/Z18),0) | AT57: 201803 | AU57: =IFERROR(IF(AV18="","",AV18/AU18),0) -> 0 | AV57: =IFERROR(IF(AW18="","",AW18/AV18),0) -> 0 | AW57: =IFERROR(IF(AX18="","",AX18/AW18),0) -> 0 | AX57: =IFERROR(IF(AY18="","",AY18/AX18),0) -> 1 | AY57: =IFERROR(IF(AZ18="","",AZ18/AY18),0) -> 1 | AZ57: =IFERROR(IF(BA18="","",BA18/AZ18),0) -> 1 | BA57: =IFERROR(IF(BB18="","",BB18/BA18),0) -> 6.5264912 | BB57: =IFERROR(IF(BC18="","",BC18/BB18),0) -> 1 | ... BR57: =IFERROR(IF(BS18="","",BS18/BR18),0)
B58: 201806 | C58: =IFERROR(IF(D19="","",D19/C19),0) -> 0 | D58: =IFERROR(IF(E19="","",E19/D19),0) -> 0 | E58: =IFERROR(IF(F19="","",F19/E19),0) -> 1 | F58: =IFERROR(IF(G19="","",G19/F19),0) -> 1 | G58: =IFERROR(IF(H19="","",H19/G19),0) -> 1 | H58: =IFERROR(IF(I19="","",I19/H19),0) -> 2.9692478 | I58: =IFERROR(IF(J19="","",J19/I19),0) -> 1 | J58: =IFERROR(IF(K19="","",K19/J19),0) -> 1 | ... Y58: =IFERROR(IF(Z19="","",Z19/Y19),0) | AT58: 201806 | AU58: =IFERROR(IF(AV19="","",AV19/AU19),0) -> 0 | AV58: =IFERROR(IF(AW19="","",AW19/AV19),0) -> 0 | AW58: =IFERROR(IF(AX19="","",AX19/AW19),0) -> 1 | AX58: =IFERROR(IF(AY19="","",AY19/AX19),0) -> 1 | AY58: =IFERROR(IF(AZ19="","",AZ19/AY19),0) -> 1 | AZ58: =IFERROR(IF(BA19="","",BA19/AZ19),0) -> 2.9692478 | BA58: =IFERROR(IF(BB19="","",BB19/BA19),0) -> 1 | BB58: =IFERROR(IF(BC19="","",BC19/BB19),0) -> 1 | ... BQ58: =IFERROR(IF(BR19="","",BR19/BQ19),0)
B59: 201809 | C59: =IFERROR(IF(D20="","",D20/C20),0) -> 0 | D59: =IFERROR(IF(E20="","",E20/D20),0) -> 0 | E59: =IFERROR(IF(F20="","",F20/E20),0) -> 0 | F59: =IFERROR(IF(G20="","",G20/F20),0) -> 1 | G59: =IFERROR(IF(H20="","",H20/G20),0) -> 1.7000687 | H59: =IFERROR(IF(I20="","",I20/H20),0) -> 1.3277018 | I59: =IFERROR(IF(J20="","",J20/I20),0) -> 1 | J59: =IFERROR(IF(K20="","",K20/J20),0) -> 1 | ... X59: =IFERROR(IF(Y20="","",Y20/X20),0) | AT59: 201809 | AU59: =IFERROR(IF(AV20="","",AV20/AU20),0) -> 0 | AV59: =IFERROR(IF(AW20="","",AW20/AV20),0) -> 0 | AW59: =IFERROR(IF(AX20="","",AX20/AW20),0) -> 0 | AX59: =IFERROR(IF(AY20="","",AY20/AX20),0) -> 1 | AY59: =IFERROR(IF(AZ20="","",AZ20/AY20),0) -> 1.7000687 | AZ59: =IFERROR(IF(BA20="","",BA20/AZ20),0) -> 1.3277018 | BA59: =IFERROR(IF(BB20="","",BB20/BA20),0) -> 1 | BB59: =IFERROR(IF(BC20="","",BC20/BB20),0) -> 1 | ... BP59: =IFERROR(IF(BQ20="","",BQ20/BP20),0)
B60: 201812 | C60: =IFERROR(IF(D21="","",D21/C21),0) -> 0 | D60: =IFERROR(IF(E21="","",E21/D21),0) -> 0 | E60: =IFERROR(IF(F21="","",F21/E21),0) -> 1 | F60: =IFERROR(IF(G21="","",G21/F21),0) -> 1.3260751 | G60: =IFERROR(IF(H21="","",H21/G21),0) -> 1.0450937 | H60: =IFERROR(IF(I21="","",I21/H21),0) -> 1.0171837 | I60: =IFERROR(IF(J21="","",J21/I21),0) -> 1.0979618 | J60: =IFERROR(IF(K21="","",K21/J21),0) -> 0.98819317 | ... W60: =IFERROR(IF(X21="","",X21/W21),0) | AT60: 201812 | AU60: =IFERROR(IF(AV21="","",AV21/AU21),0) -> 0 | AV60: =IFERROR(IF(AW21="","",AW21/AV21),0) -> 0 | AW60: =IFERROR(IF(AX21="","",AX21/AW21),0) -> 1 | AX60: =IFERROR(IF(AY21="","",AY21/AX21),0) -> 1.3260751 | AY60: =IFERROR(IF(AZ21="","",AZ21/AY21),0) -> 1.0450937 | AZ60: =IFERROR(IF(BA21="","",BA21/AZ21),0) -> 1.0171837 | BA60: =IFERROR(IF(BB21="","",BB21/BA21),0) -> 1.0979618 | BB60: =IFERROR(IF(BC21="","",BC21/BB21),0) -> 0.98819317 | ... BO60: =IFERROR(IF(BP21="","",BP21/BO21),0)
B61: 201903 | C61: =IFERROR(IF(D22="","",D22/C22),0) -> 0 | D61: =IFERROR(IF(E22="","",E22/D22),0) -> 0 | E61: =IFERROR(IF(F22="","",F22/E22),0) -> 1.7563685 | F61: =IFERROR(IF(G22="","",G22/F22),0) -> 1 | G61: =IFERROR(IF(H22="","",H22/G22),0) -> 1 | H61: =IFERROR(IF(I22="","",I22/H22),0) -> 1.2484512 | I61: =IFERROR(IF(J22="","",J22/I22),0) -> 1.0271211 | J61: =IFERROR(IF(K22="","",K22/J22),0) -> 1.0133707 | ... V61: =IFERROR(IF(W22="","",W22/V22),0) | AT61: 201903 | AU61: =IFERROR(IF(AV22="","",AV22/AU22),0) -> 0 | AV61: =IFERROR(IF(AW22="","",AW22/AV22),0) -> 0 | AW61: =IFERROR(IF(AX22="","",AX22/AW22),0) -> 1.7563685 | AX61: =IFERROR(IF(AY22="","",AY22/AX22),0) -> 1 | AY61: =IFERROR(IF(AZ22="","",AZ22/AY22),0) -> 1 | AZ61: =IFERROR(IF(BA22="","",BA22/AZ22),0) -> 1.2484512 | BA61: =IFERROR(IF(BB22="","",BB22/BA22),0) -> 1.0271211 | BB61: =IFERROR(IF(BC22="","",BC22/BB22),0) -> 1.0133707 | ... BN61: =IFERROR(IF(BO22="","",BO22/BN22),0)
B62: 201906 | C62: =IFERROR(IF(D23="","",D23/C23),0) -> 0 | D62: =IFERROR(IF(E23="","",E23/D23),0) -> 0 | E62: =IFERROR(IF(F23="","",F23/E23),0) -> 0 | F62: =IFERROR(IF(G23="","",G23/F23),0) -> 0 | G62: =IFERROR(IF(H23="","",H23/G23),0) -> 0 | H62: =IFERROR(IF(I23="","",I23/H23),0) -> 0 | I62: =IFERROR(IF(J23="","",J23/I23),0) -> 0 | J62: =IFERROR(IF(K23="","",K23/J23),0) -> 0 | ... U62: =IFERROR(IF(V23="","",V23/U23),0) | AT62: 201906 | AU62: =IFERROR(IF(AV23="","",AV23/AU23),0) -> 0 | AV62: =IFERROR(IF(AW23="","",AW23/AV23),0) -> 0 | AW62: =IFERROR(IF(AX23="","",AX23/AW23),0) -> 0 | AX62: =IFERROR(IF(AY23="","",AY23/AX23),0) -> 0 | AY62: =IFERROR(IF(AZ23="","",AZ23/AY23),0) -> 0 | AZ62: =IFERROR(IF(BA23="","",BA23/AZ23),0) -> 0 | BA62: =IFERROR(IF(BB23="","",BB23/BA23),0) -> 0 | BB62: =IFERROR(IF(BC23="","",BC23/BB23),0) -> 0 | ... BM62: =IFERROR(IF(BN23="","",BN23/BM23),0)
B63: 201909 | C63: =IFERROR(IF(D24="","",D24/C24),0) -> 0 | D63: =IFERROR(IF(E24="","",E24/D24),0) -> 1 | E63: =IFERROR(IF(F24="","",F24/E24),0) -> 1 | F63: =IFERROR(IF(G24="","",G24/F24),0) -> 1 | G63: =IFERROR(IF(H24="","",H24/G24),0) -> 0.7813452 | H63: =IFERROR(IF(I24="","",I24/H24),0) -> 1 | I63: =IFERROR(IF(J24="","",J24/I24),0) -> 0.99421594 | J63: =IFERROR(IF(K24="","",K24/J24),0) -> 1 | ... T63: =IFERROR(IF(U24="","",U24/T24),0) | AT63: 201909 | AU63: =IFERROR(IF(AV24="","",AV24/AU24),0) -> 0 | AV63: =IFERROR(IF(AW24="","",AW24/AV24),0) -> 1 | AW63: =IFERROR(IF(AX24="","",AX24/AW24),0) -> 1 | AX63: =IFERROR(IF(AY24="","",AY24/AX24),0) -> 1 | AY63: =IFERROR(IF(AZ24="","",AZ24/AY24),0) -> 0.7813452 | AZ63: =IFERROR(IF(BA24="","",BA24/AZ24),0) -> 1 | BA63: =IFERROR(IF(BB24="","",BB24/BA24),0) -> 0.99421594 | BB63: =IFERROR(IF(BC24="","",BC24/BB24),0) -> 1 | ... BL63: =IFERROR(IF(BM24="","",BM24/BL24),0)
B64: 201912 | C64: =IFERROR(IF(D25="","",D25/C25),0) -> 0 | D64: =IFERROR(IF(E25="","",E25/D25),0) -> 0 | E64: =IFERROR(IF(F25="","",F25/E25),0) -> 0 | F64: =IFERROR(IF(G25="","",G25/F25),0) -> 0 | G64: =IFERROR(IF(H25="","",H25/G25),0) -> 0 | H64: =IFERROR(IF(I25="","",I25/H25),0) -> 0 | I64: =IFERROR(IF(J25="","",J25/I25),0) -> 0 | J64: =IFERROR(IF(K25="","",K25/J25),0) -> 0 | ... S64: =IFERROR(IF(T25="","",T25/S25),0) | AT64: 201912 | AU64: =IFERROR(IF(AV25="","",AV25/AU25),0) -> 0 | AV64: =IFERROR(IF(AW25="","",AW25/AV25),0) -> 0 | AW64: =IFERROR(IF(AX25="","",AX25/AW25),0) -> 0 | AX64: =IFERROR(IF(AY25="","",AY25/AX25),0) -> 0 | AY64: =IFERROR(IF(AZ25="","",AZ25/AY25),0) -> 0 | AZ64: =IFERROR(IF(BA25="","",BA25/AZ25),0) -> 0 | BA64: =IFERROR(IF(BB25="","",BB25/BA25),0) -> 0 | BB64: =IFERROR(IF(BC25="","",BC25/BB25),0) -> 0 | ... BK64: =IFERROR(IF(BL25="","",BL25/BK25),0)
B65: 202003 | C65: =IFERROR(IF(D26="","",D26/C26),0) -> 0 | D65: =IFERROR(IF(E26="","",E26/D26),0) -> 0 | E65: =IFERROR(IF(F26="","",F26/E26),0) -> 0 | F65: =IFERROR(IF(G26="","",G26/F26),0) -> 0 | G65: =IFERROR(IF(H26="","",H26/G26),0) -> 0 | H65: =IFERROR(IF(I26="","",I26/H26),0) -> 0 | I65: =IFERROR(IF(J26="","",J26/I26),0) -> 0 | J65: =IFERROR(IF(K26="","",K26/J26),0) -> 0 | ... R65: =IFERROR(IF(S26="","",S26/R26),0) | AT65: 202003 | AU65: =IFERROR(IF(AV26="","",AV26/AU26),0) -> 0 | AV65: =IFERROR(IF(AW26="","",AW26/AV26),0) -> 0 | AW65: =IFERROR(IF(AX26="","",AX26/AW26),0) -> 0 | AX65: =IFERROR(IF(AY26="","",AY26/AX26),0) -> 0 | AY65: =IFERROR(IF(AZ26="","",AZ26/AY26),0) -> 0 | AZ65: =IFERROR(IF(BA26="","",BA26/AZ26),0) -> 0 | BA65: =IFERROR(IF(BB26="","",BB26/BA26),0) -> 0 | BB65: =IFERROR(IF(BC26="","",BC26/BB26),0) -> 0 | ... BJ65: =IFERROR(IF(BK26="","",BK26/BJ26),0)
B66: 202006 | C66: =IFERROR(IF(D27="","",D27/C27),0) -> 0 | D66: =IFERROR(IF(E27="","",E27/D27),0) -> 0 | E66: =IFERROR(IF(F27="","",F27/E27),0) -> 0 | F66: =IFERROR(IF(G27="","",G27/F27),0) -> 0 | G66: =IFERROR(IF(H27="","",H27/G27),0) -> 0 | H66: =IFERROR(IF(I27="","",I27/H27),0) -> 0 | I66: =IFERROR(IF(J27="","",J27/I27),0) -> 0 | J66: =IFERROR(IF(K27="","",K27/J27),0) -> 0 | ... Q66: =IFERROR(IF(R27="","",R27/Q27),0) | AT66: 202006 | AU66: =IFERROR(IF(AV27="","",AV27/AU27),0) -> 0 | AV66: =IFERROR(IF(AW27="","",AW27/AV27),0) -> 0 | AW66: =IFERROR(IF(AX27="","",AX27/AW27),0) -> 0 | AX66: =IFERROR(IF(AY27="","",AY27/AX27),0) -> 0 | AY66: =IFERROR(IF(AZ27="","",AZ27/AY27),0) -> 0 | AZ66: =IFERROR(IF(BA27="","",BA27/AZ27),0) -> 0 | BA66: =IFERROR(IF(BB27="","",BB27/BA27),0) -> 0 | BB66: =IFERROR(IF(BC27="","",BC27/BB27),0) -> 0 | ... BI66: =IFERROR(IF(BJ27="","",BJ27/BI27),0)
B67: 202009 | C67: =IFERROR(IF(D28="","",D28/C28),0) -> 0 | D67: =IFERROR(IF(E28="","",E28/D28),0) -> 0 | E67: =IFERROR(IF(F28="","",F28/E28),0) -> 0 | F67: =IFERROR(IF(G28="","",G28/F28),0) -> 0 | G67: =IFERROR(IF(H28="","",H28/G28),0) -> 0 | H67: =IFERROR(IF(I28="","",I28/H28),0) -> 0 | I67: =IFERROR(IF(J28="","",J28/I28),0) -> 1 | J67: =IFERROR(IF(K28="","",K28/J28),0) -> 1 | ... P67: =IFERROR(IF(Q28="","",Q28/P28),0) | AT67: 202009 | AU67: =IFERROR(IF(AV28="","",AV28/AU28),0) -> 0 | AV67: =IFERROR(IF(AW28="","",AW28/AV28),0) -> 0 | AW67: =IFERROR(IF(AX28="","",AX28/AW28),0) -> 0 | AX67: =IFERROR(IF(AY28="","",AY28/AX28),0) -> 0 | AY67: =IFERROR(IF(AZ28="","",AZ28/AY28),0) -> 0 | AZ67: =IFERROR(IF(BA28="","",BA28/AZ28),0) -> 0 | BA67: =IFERROR(IF(BB28="","",BB28/BA28),0) -> 1 | BB67: =IFERROR(IF(BC28="","",BC28/BB28),0) -> 1 | ... BH67: =IFERROR(IF(BI28="","",BI28/BH28),0)
B68: 202012 | C68: =IFERROR(IF(D29="","",D29/C29),0) -> 0 | D68: =IFERROR(IF(E29="","",E29/D29),0) -> 0 | E68: =IFERROR(IF(F29="","",F29/E29),0) -> 1 | F68: =IFERROR(IF(G29="","",G29/F29),0) -> 1 | G68: =IFERROR(IF(H29="","",H29/G29),0) -> 1 | H68: =IFERROR(IF(I29="","",I29/H29),0) -> 1 | I68: =IFERROR(IF(J29="","",J29/I29),0) -> 1 | J68: =IFERROR(IF(K29="","",K29/J29),0) -> 0.93628456 | ... O68: =IFERROR(IF(P29="","",P29/O29),0) | AT68: 202012 | AU68: =IFERROR(IF(AV29="","",AV29/AU29),0) -> 0 | AV68: =IFERROR(IF(AW29="","",AW29/AV29),0) -> 0 | AW68: =IFERROR(IF(AX29="","",AX29/AW29),0) -> 1 | AX68: =IFERROR(IF(AY29="","",AY29/AX29),0) -> 1 | AY68: =IFERROR(IF(AZ29="","",AZ29/AY29),0) -> 1 | AZ68: =IFERROR(IF(BA29="","",BA29/AZ29),0) -> 1 | BA68: =IFERROR(IF(BB29="","",BB29/BA29),0) -> 1 | BB68: =IFERROR(IF(BC29="","",BC29/BB29),0) -> 0.93628456 | ... BG68: =IFERROR(IF(BH29="","",BH29/BG29),0)
B69: 202103 | C69: =IFERROR(IF(D30="","",D30/C30),0) -> 0 | D69: =IFERROR(IF(E30="","",E30/D30),0) -> 0 | E69: =IFERROR(IF(F30="","",F30/E30),0) -> 0 | F69: =IFERROR(IF(G30="","",G30/F30),0) -> 1 | G69: =IFERROR(IF(H30="","",H30/G30),0) -> 1 | H69: =IFERROR(IF(I30="","",I30/H30),0) -> 1 | I69: =IFERROR(IF(J30="","",J30/I30),0) -> 1 | J69: =IFERROR(IF(K30="","",K30/J30),0) -> 1 | ... N69: =IFERROR(IF(O30="","",O30/N30),0) | AT69: 202103 | AU69: =IFERROR(IF(AV30="","",AV30/AU30),0) -> 0 | AV69: =IFERROR(IF(AW30="","",AW30/AV30),0) -> 0 | AW69: =IFERROR(IF(AX30="","",AX30/AW30),0) -> 0 | AX69: =IFERROR(IF(AY30="","",AY30/AX30),0) -> 1 | AY69: =IFERROR(IF(AZ30="","",AZ30/AY30),0) -> 1 | AZ69: =IFERROR(IF(BA30="","",BA30/AZ30),0) -> 1 | BA69: =IFERROR(IF(BB30="","",BB30/BA30),0) -> 1 | BB69: =IFERROR(IF(BC30="","",BC30/BB30),0) -> 1 | ... BF69: =IFERROR(IF(BG30="","",BG30/BF30),0)
B70: 202106 | C70: =IFERROR(IF(D31="","",D31/C31),0) -> 0 | D70: =IFERROR(IF(E31="","",E31/D31),0) -> 0 | E70: =IFERROR(IF(F31="","",F31/E31),0) -> 0 | F70: =IFERROR(IF(G31="","",G31/F31),0) -> 0 | G70: =IFERROR(IF(H31="","",H31/G31),0) -> 0 | H70: =IFERROR(IF(I31="","",I31/H31),0) -> 0 | I70: =IFERROR(IF(J31="","",J31/I31),0) -> 0 | J70: =IFERROR(IF(K31="","",K31/J31),0) -> 0 | ... M70: =IFERROR(IF(N31="","",N31/M31),0) | AT70: 202106 | AU70: =IFERROR(IF(AV31="","",AV31/AU31),0) -> 0 | AV70: =IFERROR(IF(AW31="","",AW31/AV31),0) -> 0 | AW70: =IFERROR(IF(AX31="","",AX31/AW31),0) -> 0 | AX70: =IFERROR(IF(AY31="","",AY31/AX31),0) -> 0 | AY70: =IFERROR(IF(AZ31="","",AZ31/AY31),0) -> 0 | AZ70: =IFERROR(IF(BA31="","",BA31/AZ31),0) -> 0 | BA70: =IFERROR(IF(BB31="","",BB31/BA31),0) -> 0 | BB70: =IFERROR(IF(BC31="","",BC31/BB31),0) -> 0 | ... BE70: =IFERROR(IF(BF31="","",BF31/BE31),0)
B71: 202109 | C71: =IFERROR(IF(D32="","",D32/C32),0) -> 0 | D71: =IFERROR(IF(E32="","",E32/D32),0) -> 0 | E71: =IFERROR(IF(F32="","",F32/E32),0) -> 0 | F71: =IFERROR(IF(G32="","",G32/F32),0) -> 0 | G71: =IFERROR(IF(H32="","",H32/G32),0) -> 0 | H71: =IFERROR(IF(I32="","",I32/H32),0) -> 0 | I71: =IFERROR(IF(J32="","",J32/I32),0) -> 0 | J71: =IFERROR(IF(K32="","",K32/J32),0) -> 0 | ... L71: =IFERROR(IF(M32="","",M32/L32),0) | AT71: 202109 | AU71: =IFERROR(IF(AV32="","",AV32/AU32),0) -> 0 | AV71: =IFERROR(IF(AW32="","",AW32/AV32),0) -> 0 | AW71: =IFERROR(IF(AX32="","",AX32/AW32),0) -> 0 | AX71: =IFERROR(IF(AY32="","",AY32/AX32),0) -> 0 | AY71: =IFERROR(IF(AZ32="","",AZ32/AY32),0) -> 0 | AZ71: =IFERROR(IF(BA32="","",BA32/AZ32),0) -> 0 | BA71: =IFERROR(IF(BB32="","",BB32/BA32),0) -> 0 | BB71: =IFERROR(IF(BC32="","",BC32/BB32),0) -> 0 | ... BD71: =IFERROR(IF(BE32="","",BE32/BD32),0)
B72: 202112 | C72: =IFERROR(IF(D33="","",D33/C33),0) -> 0 | D72: =IFERROR(IF(E33="","",E33/D33),0) -> 0 | E72: =IFERROR(IF(F33="","",F33/E33),0) -> 0 | F72: =IFERROR(IF(G33="","",G33/F33),0) -> 0 | G72: =IFERROR(IF(H33="","",H33/G33),0) -> 0 | H72: =IFERROR(IF(I33="","",I33/H33),0) -> 0 | I72: =IFERROR(IF(J33="","",J33/I33),0) -> 0 | J72: =IFERROR(IF(K33="","",K33/J33),0) -> 0 | K72: =IFERROR(IF(L33="","",L33/K33),0) | AT72: 202112 | AU72: =IFERROR(IF(AV33="","",AV33/AU33),0) -> 0 | AV72: =IFERROR(IF(AW33="","",AW33/AV33),0) -> 0 | AW72: =IFERROR(IF(AX33="","",AX33/AW33),0) -> 0 | AX72: =IFERROR(IF(AY33="","",AY33/AX33),0) -> 0 | AY72: =IFERROR(IF(AZ33="","",AZ33/AY33),0) -> 0 | AZ72: =IFERROR(IF(BA33="","",BA33/AZ33),0) -> 0 | BA72: =IFERROR(IF(BB33="","",BB33/BA33),0) -> 0 | BB72: =IFERROR(IF(BC33="","",BC33/BB33),0) -> 0 | BC72: =IFERROR(IF(BD33="","",BD33/BC33),0)
B73: 202203 | C73: =IFERROR(IF(D34="","",D34/C34),0) -> 0 | D73: =IFERROR(IF(E34="","",E34/D34),0) -> 0 | E73: =IFERROR(IF(F34="","",F34/E34),0) -> 0 | F73: =IFERROR(IF(G34="","",G34/F34),0) -> 0 | G73: =IFERROR(IF(H34="","",H34/G34),0) -> 0 | H73: =IFERROR(IF(I34="","",I34/H34),0) -> 0 | I73: =IFERROR(IF(J34="","",J34/I34),0) -> 0 | J73: =IFERROR(IF(K34="","",K34/J34),0) | AT73: 202203 | AU73: =IFERROR(IF(AV34="","",AV34/AU34),0) -> 0 | AV73: =IFERROR(IF(AW34="","",AW34/AV34),0) -> 0 | AW73: =IFERROR(IF(AX34="","",AX34/AW34),0) -> 0 | AX73: =IFERROR(IF(AY34="","",AY34/AX34),0) -> 0 | AY73: =IFERROR(IF(AZ34="","",AZ34/AY34),0) -> 0 | AZ73: =IFERROR(IF(BA34="","",BA34/AZ34),0) -> 0 | BA73: =IFERROR(IF(BB34="","",BB34/BA34),0) -> 0 | BB73: =IFERROR(IF(BC34="","",BC34/BB34),0)
B74: 202206 | C74: =IFERROR(IF(D35="","",D35/C35),0) -> 0 | D74: =IFERROR(IF(E35="","",E35/D35),0) -> 0 | E74: =IFERROR(IF(F35="","",F35/E35),0) -> 0 | F74: =IFERROR(IF(G35="","",G35/F35),0) -> 0 | G74: =IFERROR(IF(H35="","",H35/G35),0) -> 0 | H74: =IFERROR(IF(I35="","",I35/H35),0) -> 0 | I74: =IFERROR(IF(J35="","",J35/I35),0) | AT74: 202206 | AU74: =IFERROR(IF(AV35="","",AV35/AU35),0) -> 0 | AV74: =IFERROR(IF(AW35="","",AW35/AV35),0) -> 0 | AW74: =IFERROR(IF(AX35="","",AX35/AW35),0) -> 0 | AX74: =IFERROR(IF(AY35="","",AY35/AX35),0) -> 0 | AY74: =IFERROR(IF(AZ35="","",AZ35/AY35),0) -> 0 | AZ74: =IFERROR(IF(BA35="","",BA35/AZ35),0) -> 0 | BA74: =IFERROR(IF(BB35="","",BB35/BA35),0)
B75: 202209 | C75: =IFERROR(IF(D36="","",D36/C36),0) -> 0 | D75: =IFERROR(IF(E36="","",E36/D36),0) -> 0 | E75: =IFERROR(IF(F36="","",F36/E36),0) -> 0 | F75: =IFERROR(IF(G36="","",G36/F36),0) -> 0 | G75: =IFERROR(IF(H36="","",H36/G36),0) -> 0 | H75: =IFERROR(IF(I36="","",I36/H36),0) | AT75: 202209 | AU75: =IFERROR(IF(AV36="","",AV36/AU36),0) -> 0 | AV75: =IFERROR(IF(AW36="","",AW36/AV36),0) -> 0 | AW75: =IFERROR(IF(AX36="","",AX36/AW36),0) -> 0 | AX75: =IFERROR(IF(AY36="","",AY36/AX36),0) -> 0 | AY75: =IFERROR(IF(AZ36="","",AZ36/AY36),0) -> 0 | AZ75: =IFERROR(IF(BA36="","",BA36/AZ36),0)
B76: 202212 | C76: =IFERROR(IF(D37="","",D37/C37),0) -> 0 | D76: =IFERROR(IF(E37="","",E37/D37),0) -> 0 | E76: =IFERROR(IF(F37="","",F37/E37),0) -> 0 | F76: =IFERROR(IF(G37="","",G37/F37),0) -> 0 | G76: =IFERROR(IF(H37="","",H37/G37),0) | AT76: 202212 | AU76: =IFERROR(IF(AV37="","",AV37/AU37),0) -> 0 | AV76: =IFERROR(IF(AW37="","",AW37/AV37),0) -> 0 | AW76: =IFERROR(IF(AX37="","",AX37/AW37),0) -> 0 | AX76: =IFERROR(IF(AY37="","",AY37/AX37),0) -> 0 | AY76: =IFERROR(IF(AZ37="","",AZ37/AY37),0)
B77: 202303 | C77: =IFERROR(IF(D38="","",D38/C38),0) -> 0 | D77: =IFERROR(IF(E38="","",E38/D38),0) -> 0 | E77: =IFERROR(IF(F38="","",F38/E38),0) -> 0 | F77: =IFERROR(IF(G38="","",G38/F38),0) | AT77: 202303 | AU77: =IFERROR(IF(AV38="","",AV38/AU38),0) -> 0 | AV77: =IFERROR(IF(AW38="","",AW38/AV38),0) -> 0 | AW77: =IFERROR(IF(AX38="","",AX38/AW38),0) -> 0 | AX77: =IFERROR(IF(AY38="","",AY38/AX38),0)
B78: 202306 | C78: =IFERROR(IF(D39="","",D39/C39),0) -> 0 | D78: =IFERROR(IF(E39="","",E39/D39),0) -> 0 | E78: =IFERROR(IF(F39="","",F39/E39),0) | AT78: 202306 | AU78: =IFERROR(IF(AV39="","",AV39/AU39),0) -> 0 | AV78: =IFERROR(IF(AW39="","",AW39/AV39),0) -> 0 | AW78: =IFERROR(IF(AX39="","",AX39/AW39),0)
B79: 202309 | C79: =IFERROR(IF(D40="","",D40/C40),0) -> 0 | D79: =IFERROR(IF(E40="","",E40/D40),0) | AT79: 202309 | AU79: =IFERROR(IF(AV40="","",AV40/AU40),0) -> 0 | AV79: =IFERROR(IF(AW40="","",AW40/AV40),0)
B80: 202312 | C80: =IFERROR(IF(D41="","",D41/C41),0) | AT80: 202312 | AU80: =IFERROR(IF(AV41="","",AV41/AU41),0)
B81: 除最值平均 | C81: =IFERROR(IF(COUNT(C46:C79)-2<=0,0,(SUM(C46:C79)-MAX(C46:C79)-MIN(C46:C79))/(COUNT(C46:C79)-2)),0) -> 0.080078125 | D81: =IFERROR(IF(COUNT(D46:D78)-2<=0,0,(SUM(D46:D78)-MAX(D46:D78)-MIN(D46:D78))/(COUNT(D46:D78)-2)),0) -> 0.092722797 | E81: =IFERROR(IF(COUNT(E46:E77)-2<=0,0,(SUM(E46:E77)-MAX(E46:E77)-MIN(E46:E77))/(COUNT(E46:E77)-2)),0) -> 0.27884197 | F81: =IFERROR(IF(COUNT(F46:F76)-2<=0,0,(SUM(F46:F76)-MAX(F46:F76)-MIN(F46:F76))/(COUNT(F46:F76)-2)),0) -> 0.393013 | G81: =IFERROR(IF(COUNT(G46:G75)-2<=0,0,(SUM(G46:G75)-MAX(G46:G75)-MIN(G46:G75))/(COUNT(G46:G75)-2)),0) -> 0.38665853 | H81: =IFERROR(IF(COUNT(H46:H74)-2<=0,0,(SUM(H46:H74)-MAX(H46:H74)-MIN(H46:H74))/(COUNT(H46:H74)-2)),0) -> 0.43074281 | I81: =IFERROR(IF(COUNT(I46:I73)-2<=0,0,(SUM(I46:I73)-MAX(I46:I73)-MIN(I46:I73))/(COUNT(I46:I73)-2)),0) -> 0.46612688 | J81: =IFERROR(IF(COUNT(J46:J72)-2<=0,0,(SUM(J46:J72)-MAX(J46:J72)-MIN(J46:J72))/(COUNT(J46:J72)-2)),0) -> 0.47751394 | K81: =IFERROR(IF(COUNT(K46:K71)-2<=0,0,(SUM(K46:K71)-MAX(K46:K71)-MIN(K46:K71))/(COUNT(K46:K71)-2)),0) -> 0.54541675 | L81: =IFERROR(IF(COUNT(L46:L70)-2<=0,0,(SUM(L46:L70)-MAX(L46:L70)-MIN(L46:L70))/(COUNT(L46:L70)-2)),0) -> 0.53131723 | M81: =IFERROR(IF(COUNT(M46:M69)-2<=0,0,(SUM(M46:M69)-MAX(M46:M69)-MIN(M46:M69))/(COUNT(M46:M69)-2)),0) -> 0.56744599 | N81: =IFERROR(IF(COUNT(N46:N68)-2<=0,0,(SUM(N46:N68)-MAX(N46:N68)-MIN(N46:N68))/(COUNT(N46:N68)-2)),0) -> 0.54593343 | O81: =IFERROR(IF(COUNT(O46:O67)-2<=0,0,(SUM(O46:O67)-MAX(O46:O67)-MIN(O46:O67))/(COUNT(O46:O67)-2)),0) -> 0.54589111 | P81: =IFERROR(IF(COUNT(P46:P66)-2<=0,0,(SUM(P46:P66)-MAX(P46:P66)-MIN(P46:P66))/(COUNT(P46:P66)-2)),0) -> 0.52616888 | Q81: =IFERROR(IF(COUNT(Q46:Q65)-2<=0,0,(SUM(Q46:Q65)-MAX(Q46:Q65)-MIN(Q46:Q65))/(COUNT(Q46:Q65)-2)),0) -> 0.55544108 | R81: =IFERROR(IF(COUNT(R46:R64)-2<=0,0,(SUM(R46:R64)-MAX(R46:R64)-MIN(R46:R64))/(COUNT(R46:R64)-2)),0) -> 0.52761475 | S81: =IFERROR(IF(COUNT(S46:S63)-2<=0,0,(SUM(S46:S63)-MAX(S46:S63)-MIN(S46:S63))/(COUNT(S46:S63)-2)),0) -> 0.56199718 | T81: =IFERROR(IF(COUNT(T46:T62)-2<=0,0,(SUM(T46:T62)-MAX(T46:T62)-MIN(T46:T62))/(COUNT(T46:T62)-2)),0) -> 0.53213818 | U81: =IFERROR(IF(COUNT(U46:U61)-2<=0,0,(SUM(U46:U61)-MAX(U46:U61)-MIN(U46:U61))/(COUNT(U46:U61)-2)),0) -> 0.57085811 | V81: =IFERROR(IF(COUNT(V46:V60)-2<=0,0,(SUM(V46:V60)-MAX(V46:V60)-MIN(V46:V60))/(COUNT(V46:V60)-2)),0) -> 0.53846154 | W81: =IFERROR(IF(COUNT(W46:W59)-2<=0,0,(SUM(W46:W59)-MAX(W46:W59)-MIN(W46:W59))/(COUNT(W46:W59)-2)),0) -> 0.49858371 | X81: =IFERROR(IF(COUNT(X46:X58)-2<=0,0,(SUM(X46:X58)-MAX(X46:X58)-MIN(X46:X58))/(COUNT(X46:X58)-2)),0) -> 0.42096439 | Y81: =IFERROR(IF(COUNT(Y46:Y57)-2<=0,0,(SUM(Y46:Y57)-MAX(Y46:Y57)-MIN(Y46:Y57))/(COUNT(Y46:Y57)-2)),0) -> 0.39633644 | Z81: =IFERROR(IF(COUNT(Z46:Z56)-2<=0,0,(SUM(Z46:Z56)-MAX(Z46:Z56)-MIN(Z46:Z56))/(COUNT(Z46:Z56)-2)),0) -> 0.33124017 | AA81: =IFERROR(IF(COUNT(AA46:AA55)-2<=0,0,(SUM(AA46:AA55)-MAX(AA46:AA55)-MIN(AA46:AA55))/(COUNT(AA46:AA55)-2)),0) -> 0.24988808 | AB81: =IFERROR(IF(COUNT(AB46:AB54)-2<=0,0,(SUM(AB46:AB54)-MAX(AB46:AB54)-MIN(AB46:AB54))/(COUNT(AB46:AB54)-2)),0) -> 0.28571429 | AC81: =IFERROR(IF(COUNT(AC46:AC53)-2<=0,0,(SUM(AC46:AC53)-MAX(AC46:AC53)-MIN(AC46:AC53))/(COUNT(AC46:AC53)-2)),0) -> 0.16665173 | AD81: =IFERROR(IF(COUNT(AD46:AD52)-2<=0,0,(SUM(AD46:AD52)-MAX(AD46:AD52)-MIN(AD46:AD52))/(COUNT(AD46:AD52)-2)),0) -> 0 | AE81: =IFERROR(IF(COUNT(AE46:AE51)-2<=0,0,(SUM(AE46:AE51)-MAX(AE46:AE51)-MIN(AE46:AE51))/(COUNT(AE46:AE51)-2)),0) -> 0 | AF81: =IFERROR(IF(COUNT(AF46:AF50)-2<=0,0,(SUM(AF46:AF50)-MAX(AF46:AF50)-MIN(AF46:AF50))/(COUNT(AF46:AF50)-2)),0) -> 0 | AG81: =IFERROR(IF(COUNT(AG46:AG49)-2<=0,0,(SUM(AG46:AG49)-MAX(AG46:AG49)-MIN(AG46:AG49))/(COUNT(AG46:AG49)-2)),0) -> 0 | AH81: =IFERROR(IF(COUNT(AH46:AH48)-2<=0,0,(SUM(AH46:AH48)-MAX(AH46:AH48)-MIN(AH46:AH48))/(COUNT(AH46:AH48)-2)),0) -> 0 | AI81: =IFERROR(IF(COUNT(AI46:AI47)-2<=0,0,(SUM(AI46:AI47)-MAX(AI46:AI47)-MIN(AI46:AI47))/(COUNT(AI46:AI47)-2)),0) -> 0 | AJ81: =IFERROR(IF(COUNT(AJ46:AJ46)-2<=0,0,(SUM(AJ46:AJ46)-MAX(AJ46:AJ46)-MIN(AJ46:AJ46))/(COUNT(AJ46:AJ46)-2)),0) -> 0 | AT81: 除最值平均 | AU81: =IFERROR(IF(COUNT(AU46:AU79)-2<=0,0,(SUM(AU46:AU79)-MAX(AU46:AU79)-MIN(AU46:AU79))/(COUNT(AU46:AU79)-2)),0) -> 0.080078125 | AV81: =IFERROR(IF(COUNT(AV46:AV78)-2<=0,0,(SUM(AV46:AV78)-MAX(AV46:AV78)-MIN(AV46:AV78))/(COUNT(AV46:AV78)-2)),0) -> 0.092722797 | AW81: =IFERROR(IF(COUNT(AW46:AW77)-2<=0,0,(SUM(AW46:AW77)-MAX(AW46:AW77)-MIN(AW46:AW77))/(COUNT(AW46:AW77)-2)),0) -> 0.27884197 | AX81: =IFERROR(IF(COUNT(AX46:AX76)-2<=0,0,(SUM(AX46:AX76)-MAX(AX46:AX76)-MIN(AX46:AX76))/(COUNT(AX46:AX76)-2)),0) -> 0.393013 | AY81: =IFERROR(IF(COUNT(AY46:AY75)-2<=0,0,(SUM(AY46:AY75)-MAX(AY46:AY75)-MIN(AY46:AY75))/(COUNT(AY46:AY75)-2)),0) -> 0.38665853 | AZ81: =IFERROR(IF(COUNT(AZ46:AZ74)-2<=0,0,(SUM(AZ46:AZ74)-MAX(AZ46:AZ74)-MIN(AZ46:AZ74))/(COUNT(AZ46:AZ74)-2)),0) -> 0.43074281 | BA81: =IFERROR(IF(COUNT(BA46:BA73)-2<=0,0,(SUM(BA46:BA73)-MAX(BA46:BA73)-MIN(BA46:BA73))/(COUNT(BA46:BA73)-2)),0) -> 0.46612688 | BB81: =IFERROR(IF(COUNT(BB46:BB72)-2<=0,0,(SUM(BB46:BB72)-MAX(BB46:BB72)-MIN(BB46:BB72))/(COUNT(BB46:BB72)-2)),0) -> 0.47751394 | BC81: =IFERROR(IF(COUNT(BC46:BC71)-2<=0,0,(SUM(BC46:BC71)-MAX(BC46:BC71)-MIN(BC46:BC71))/(COUNT(BC46:BC71)-2)),0) -> 0.54541675 | BD81: =IFERROR(IF(COUNT(BD46:BD70)-2<=0,0,(SUM(BD46:BD70)-MAX(BD46:BD70)-MIN(BD46:BD70))/(COUNT(BD46:BD70)-2)),0) -> 0.53131723 | BE81: =IFERROR(IF(COUNT(BE46:BE69)-2<=0,0,(SUM(BE46:BE69)-MAX(BE46:BE69)-MIN(BE46:BE69))/(COUNT(BE46:BE69)-2)),0) -> 0.56744599 | BF81: =IFERROR(IF(COUNT(BF46:BF68)-2<=0,0,(SUM(BF46:BF68)-MAX(BF46:BF68)-MIN(BF46:BF68))/(COUNT(BF46:BF68)-2)),0) -> 0.54593343 | BG81: =IFERROR(IF(COUNT(BG46:BG67)-2<=0,0,(SUM(BG46:BG67)-MAX(BG46:BG67)-MIN(BG46:BG67))/(COUNT(BG46:BG67)-2)),0) -> 0.54589111 | BH81: =IFERROR(IF(COUNT(BH46:BH66)-2<=0,0,(SUM(BH46:BH66)-MAX(BH46:BH66)-MIN(BH46:BH66))/(COUNT(BH46:BH66)-2)),0) -> 0.52616888 | BI81: =IFERROR(IF(COUNT(BI46:BI65)-2<=0,0,(SUM(BI46:BI65)-MAX(BI46:BI65)-MIN(BI46:BI65))/(COUNT(BI46:BI65)-2)),0) -> 0.55544108 | BJ81: =IFERROR(IF(COUNT(BJ46:BJ64)-2<=0,0,(SUM(BJ46:BJ64)-MAX(BJ46:BJ64)-MIN(BJ46:BJ64))/(COUNT(BJ46:BJ64)-2)),0) -> 0.52761475 | BK81: =IFERROR(IF(COUNT(BK46:BK63)-2<=0,0,(SUM(BK46:BK63)-MAX(BK46:BK63)-MIN(BK46:BK63))/(COUNT(BK46:BK63)-2)),0) -> 0.56199718 | BL81: =IFERROR(IF(COUNT(BL46:BL62)-2<=0,0,(SUM(BL46:BL62)-MAX(BL46:BL62)-MIN(BL46:BL62))/(COUNT(BL46:BL62)-2)),0) -> 0.53213818 | BM81: =IFERROR(IF(COUNT(BM46:BM61)-2<=0,0,(SUM(BM46:BM61)-MAX(BM46:BM61)-MIN(BM46:BM61))/(COUNT(BM46:BM61)-2)),0) -> 0.57085811 | BN81: =IFERROR(IF(COUNT(BN46:BN60)-2<=0,0,(SUM(BN46:BN60)-MAX(BN46:BN60)-MIN(BN46:BN60))/(COUNT(BN46:BN60)-2)),0) -> 0.53846154 | BO81: =IFERROR(IF(COUNT(BO46:BO59)-2<=0,0,(SUM(BO46:BO59)-MAX(BO46:BO59)-MIN(BO46:BO59))/(COUNT(BO46:BO59)-2)),0) -> 0.49858371 | BP81: =IFERROR(IF(COUNT(BP46:BP58)-2<=0,0,(SUM(BP46:BP58)-MAX(BP46:BP58)-MIN(BP46:BP58))/(COUNT(BP46:BP58)-2)),0) -> 0.42096439 | BQ81: =IFERROR(IF(COUNT(BQ46:BQ57)-2<=0,0,(SUM(BQ46:BQ57)-MAX(BQ46:BQ57)-MIN(BQ46:BQ57))/(COUNT(BQ46:BQ57)-2)),0) -> 0.39633644 | BR81: =IFERROR(IF(COUNT(BR46:BR56)-2<=0,0,(SUM(BR46:BR56)-MAX(BR46:BR56)-MIN(BR46:BR56))/(COUNT(BR46:BR56)-2)),0) -> 0.33124017 | BS81: =IFERROR(IF(COUNT(BS46:BS55)-2<=0,0,(SUM(BS46:BS55)-MAX(BS46:BS55)-MIN(BS46:BS55))/(COUNT(BS46:BS55)-2)),0) -> 0.24988808 | BT81: =IFERROR(IF(COUNT(BT46:BT54)-2<=0,0,(SUM(BT46:BT54)-MAX(BT46:BT54)-MIN(BT46:BT54))/(COUNT(BT46:BT54)-2)),0) -> 0.28571429 | BU81: =IFERROR(IF(COUNT(BU46:BU53)-2<=0,0,(SUM(BU46:BU53)-MAX(BU46:BU53)-MIN(BU46:BU53))/(COUNT(BU46:BU53)-2)),0) -> 0.16665173 | BV81: =IFERROR(IF(COUNT(BV46:BV52)-2<=0,0,(SUM(BV46:BV52)-MAX(BV46:BV52)-MIN(BV46:BV52))/(COUNT(BV46:BV52)-2)),0) -> 0 | BW81: =IFERROR(IF(COUNT(BW46:BW51)-2<=0,0,(SUM(BW46:BW51)-MAX(BW46:BW51)-MIN(BW46:BW51))/(COUNT(BW46:BW51)-2)),0) -> 0 | BX81: =IFERROR(IF(COUNT(BX46:BX50)-2<=0,0,(SUM(BX46:BX50)-MAX(BX46:BX50)-MIN(BX46:BX50))/(COUNT(BX46:BX50)-2)),0) -> 0 | BY81: =IFERROR(IF(COUNT(BY46:BY49)-2<=0,0,(SUM(BY46:BY49)-MAX(BY46:BY49)-MIN(BY46:BY49))/(COUNT(BY46:BY49)-2)),0) -> 0 | BZ81: =IFERROR(IF(COUNT(BZ46:BZ48)-2<=0,0,(SUM(BZ46:BZ48)-MAX(BZ46:BZ48)-MIN(BZ46:BZ48))/(COUNT(BZ46:BZ48)-2)),0) -> 0 | CA81: =IFERROR(IF(COUNT(CA46:CA47)-2<=0,0,(SUM(CA46:CA47)-MAX(CA46:CA47)-MIN(CA46:CA47))/(COUNT(CA46:CA47)-2)),0) -> 0 | CB81: =IFERROR(IF(COUNT(CB46:CB46)-2<=0,0,(SUM(CB46:CB46)-MAX(CB46:CB46)-MIN(CB46:CB46))/(COUNT(CB46:CB46)-2)),0) -> 0
B82: 加权平均 | C82: =IFERROR(SUM(D7:D40)/SUM(C7:C40),0) -> 13.181017 | D82: =IFERROR(SUM(E7:E39)/SUM(D7:D39),0) -> 5.4800269 | E82: =IFERROR(SUM(F7:F38)/SUM(E7:E38),0) -> 2.0174339 | F82: =IFERROR(SUM(G7:G37)/SUM(F7:F37),0) -> 1.2153649 | G82: =IFERROR(SUM(H7:H36)/SUM(G7:G36),0) -> 1.0007905 | H82: =IFERROR(SUM(I7:I35)/SUM(H7:H35),0) -> 1.1237564 | I82: =IFERROR(SUM(J7:J34)/SUM(I7:I34),0) -> 1.0670873 | J82: =IFERROR(SUM(K7:K33)/SUM(J7:J33),0) -> 1.0226863 | K82: =IFERROR(SUM(L7:L32)/SUM(K7:K32),0) -> 1.0082533 | L82: =IFERROR(SUM(M7:M31)/SUM(L7:L31),0) -> 0.99220089 | M82: =IFERROR(SUM(N7:N30)/SUM(M7:M30),0) -> 1.0142209 | N82: =IFERROR(SUM(O7:O29)/SUM(N7:N29),0) -> 0.99712549 | O82: =IFERROR(SUM(P7:P28)/SUM(O7:O28),0) -> 0.9973485 | P82: =IFERROR(SUM(Q7:Q27)/SUM(P7:P27),0) -> 0.99925749 | Q82: =IFERROR(SUM(R7:R26)/SUM(Q7:Q26),0) -> 0.99947575 | R82: =IFERROR(SUM(S7:S25)/SUM(R7:R25),0) -> 0.99686364 | S82: =IFERROR(SUM(T7:T24)/SUM(S7:S24),0) -> 0.99954958 | T82: =IFERROR(SUM(U7:U23)/SUM(T7:T23),0) -> 0.99607708 | U82: =IFERROR(SUM(V7:V22)/SUM(U7:U22),0) -> 1.001458 | V82: =IFERROR(SUM(W7:W21)/SUM(V7:V21),0) -> 1 | W82: =IFERROR(SUM(X7:X20)/SUM(W7:W20),0) -> 0.99582802 | X82: =IFERROR(SUM(Y7:Y19)/SUM(X7:X19),0) -> 1.0442574 | Y82: =IFERROR(SUM(Z7:Z18)/SUM(Y7:Y18),0) -> 0.9943646 | Z82: =IFERROR(SUM(AA7:AA17)/SUM(Z7:Z17),0) -> 0.99439816 | AA82: =IFERROR(SUM(AB7:AB16)/SUM(AA7:AA16),0) -> 0.99949792 | AB82: =IFERROR(SUM(AC7:AC15)/SUM(AB7:AB15),0) -> 1 | AC82: =IFERROR(SUM(AD7:AD14)/SUM(AC7:AC14),0) -> 0.99994918 | AD82: =IFERROR(SUM(AE7:AE13)/SUM(AD7:AD13),0) -> 1 | AE82: =IFERROR(SUM(AF7:AF12)/SUM(AE7:AE12),0) -> 0 | AF82: =IFERROR(SUM(AG7:AG11)/SUM(AF7:AF11),0) -> 0 | AG82: =IFERROR(SUM(AH7:AH10)/SUM(AG7:AG10),0) -> 0 | AH82: =IFERROR(SUM(AI7:AI9)/SUM(AH7:AH9),0) -> 0 | AI82: =IFERROR(SUM(AJ7:AJ8)/SUM(AI7:AI8),0) -> 0 | AJ82: =IFERROR(SUM(AK7:AK7)/SUM(AJ7:AJ7),0) -> 0 | AT82: 加权平均 | AU82: =IFERROR(SUM(AV7:AV40)/SUM(AU7:AU40),0) -> 13.181017 | AV82: =IFERROR(SUM(AW7:AW39)/SUM(AV7:AV39),0) -> 5.4800269 | AW82: =IFERROR(SUM(AX7:AX38)/SUM(AW7:AW38),0) -> 2.0174339 | AX82: =IFERROR(SUM(AY7:AY37)/SUM(AX7:AX37),0) -> 1.2153649 | AY82: =IFERROR(SUM(AZ7:AZ36)/SUM(AY7:AY36),0) -> 1.0007905 | AZ82: =IFERROR(SUM(BA7:BA35)/SUM(AZ7:AZ35),0) -> 1.1237564 | BA82: =IFERROR(SUM(BB7:BB34)/SUM(BA7:BA34),0) -> 1.0670873 | BB82: =IFERROR(SUM(BC7:BC33)/SUM(BB7:BB33),0) -> 1.0226863 | BC82: =IFERROR(SUM(BD7:BD32)/SUM(BC7:BC32),0) -> 1.0082533 | BD82: =IFERROR(SUM(BE7:BE31)/SUM(BD7:BD31),0) -> 0.99220089 | BE82: =IFERROR(SUM(BF7:BF30)/SUM(BE7:BE30),0) -> 1.0142209 | BF82: =IFERROR(SUM(BG7:BG29)/SUM(BF7:BF29),0) -> 0.99712549 | BG82: =IFERROR(SUM(BH7:BH28)/SUM(BG7:BG28),0) -> 0.9973485 | BH82: =IFERROR(SUM(BI7:BI27)/SUM(BH7:BH27),0) -> 0.99925749 | BI82: =IFERROR(SUM(BJ7:BJ26)/SUM(BI7:BI26),0) -> 0.99947575 | BJ82: =IFERROR(SUM(BK7:BK25)/SUM(BJ7:BJ25),0) -> 0.99686364 | BK82: =IFERROR(SUM(BL7:BL24)/SUM(BK7:BK24),0) -> 0.99954958 | BL82: =IFERROR(SUM(BM7:BM23)/SUM(BL7:BL23),0) -> 0.99607708 | BM82: =IFERROR(SUM(BN7:BN22)/SUM(BM7:BM22),0) -> 1.001458 | BN82: =IFERROR(SUM(BO7:BO21)/SUM(BN7:BN21),0) -> 1 | BO82: =IFERROR(SUM(BP7:BP20)/SUM(BO7:BO20),0) -> 0.99582802 | BP82: =IFERROR(SUM(BQ7:BQ19)/SUM(BP7:BP19),0) -> 1.0442574 | BQ82: =IFERROR(SUM(BR7:BR18)/SUM(BQ7:BQ18),0) -> 0.9943646 | BR82: =IFERROR(SUM(BS7:BS17)/SUM(BR7:BR17),0) -> 0.99439816 | BS82: =IFERROR(SUM(BT7:BT16)/SUM(BS7:BS16),0) -> 0.99949792 | BT82: =IFERROR(SUM(BU7:BU15)/SUM(BT7:BT15),0) -> 1 | BU82: =IFERROR(SUM(BV7:BV14)/SUM(BU7:BU14),0) -> 0.99994918 | BV82: =IFERROR(SUM(BW7:BW13)/SUM(BV7:BV13),0) -> 1 | BW82: =IFERROR(SUM(BX7:BX12)/SUM(BW7:BW12),0) -> 0 | BX82: =IFERROR(SUM(BY7:BY11)/SUM(BX7:BX11),0) -> 0 | BY82: =IFERROR(SUM(BZ7:BZ10)/SUM(BY7:BY10),0) -> 0 | BZ82: =IFERROR(SUM(CA7:CA9)/SUM(BZ7:BZ9),0) -> 0 | CA82: =IFERROR(SUM(CB7:CB8)/SUM(CA7:CA8),0) -> 0 | CB82: =IFERROR(SUM(CC7:CC7)/SUM(CB7:CB7),0) -> 0
B83: 近两期加权平均 | C83: =IFERROR(SUM(D39:D40)/SUM(C39:C40),0) -> 0 | D83: =IFERROR(SUM(E38:E39)/SUM(D38:D39),0) -> 0 | E83: =IFERROR(SUM(F37:F38)/SUM(E37:E38),0) -> 0 | F83: =IFERROR(SUM(G36:G37)/SUM(F36:F37),0) -> 0 | G83: =IFERROR(SUM(H35:H36)/SUM(G35:G36),0) -> 0 | H83: =IFERROR(SUM(I34:I35)/SUM(H34:H35),0) -> 0 | I83: =IFERROR(SUM(J33:J34)/SUM(I33:I34),0) -> 0 | J83: =IFERROR(SUM(K32:K33)/SUM(J32:J33),0) -> 0 | K83: =IFERROR(SUM(L31:L32)/SUM(K31:K32),0) -> 0 | L83: =IFERROR(SUM(M30:M31)/SUM(L30:L31),0) -> 1 | M83: =IFERROR(SUM(N29:N30)/SUM(M29:M30),0) -> 0.95860776 | N83: =IFERROR(SUM(O28:O29)/SUM(N28:N29),0) -> 0.94971835 | O83: =IFERROR(SUM(P27:P28)/SUM(O27:O28),0) -> 1 | P83: =IFERROR(SUM(Q26:Q27)/SUM(P26:P27),0) -> 1 | Q83: =IFERROR(SUM(R25:R26)/SUM(Q25:Q26),0) -> 1 | R83: =IFERROR(SUM(S24:S25)/SUM(R24:R25),0) -> 1 | S83: =IFERROR(SUM(T23:T24)/SUM(S23:S24),0) -> 1 | T83: =IFERROR(SUM(U22:U23)/SUM(T22:T23),0) -> 1 | U83: =IFERROR(SUM(V21:V22)/SUM(U21:U22),0) -> 1 | V83: =IFERROR(SUM(W20:W21)/SUM(V20:V21),0) -> 1 | W83: =IFERROR(SUM(X19:X20)/SUM(W19:W20),0) -> 0.99932366 | X83: =IFERROR(SUM(Y18:Y19)/SUM(X18:X19),0) -> 1 | Y83: =IFERROR(SUM(Z17:Z18)/SUM(Y17:Y18),0) -> 0.98950678 | Z83: =IFERROR(SUM(AA16:AA17)/SUM(Z16:Z17),0) -> 0.99033446 | AA83: =IFERROR(SUM(AB15:AB16)/SUM(AA15:AA16),0) -> 1 | AB83: =IFERROR(SUM(AC14:AC15)/SUM(AB14:AB15),0) -> 1 | AC83: =IFERROR(SUM(AD13:AD14)/SUM(AC13:AC14),0) -> 0.99994918 | AD83: =IFERROR(SUM(AE12:AE13)/SUM(AD12:AD13),0) -> 1 | AE83: =IFERROR(SUM(AF11:AF12)/SUM(AE11:AE12),0) -> 0 | AF83: =IFERROR(SUM(AG10:AG11)/SUM(AF10:AF11),0) -> 0 | AG83: =IFERROR(SUM(AH9:AH10)/SUM(AG9:AG10),0) -> 0 | AH83: =IFERROR(SUM(AI8:AI9)/SUM(AH8:AH9),0) -> 0 | AI83: =IFERROR(SUM(AJ7:AJ8)/SUM(AI7:AI8),0) -> 0 | AJ83: =IFERROR(SUM(AK7:AK7)/SUM(AJ7:AJ7),0) -> 0 | AT83: 近两期加权平均 | AU83: =IFERROR(SUM(AV39:AV40)/SUM(AU39:AU40),0) -> 0 | AV83: =IFERROR(SUM(AW38:AW39)/SUM(AV38:AV39),0) -> 0 | AW83: =IFERROR(SUM(AX37:AX38)/SUM(AW37:AW38),0) -> 0 | AX83: =IFERROR(SUM(AY36:AY37)/SUM(AX36:AX37),0) -> 0 | AY83: =IFERROR(SUM(AZ35:AZ36)/SUM(AY35:AY36),0) -> 0 | AZ83: =IFERROR(SUM(BA34:BA35)/SUM(AZ34:AZ35),0) -> 0 | BA83: =IFERROR(SUM(BB33:BB34)/SUM(BA33:BA34),0) -> 0 | BB83: =IFERROR(SUM(BC32:BC33)/SUM(BB32:BB33),0) -> 0 | BC83: =IFERROR(SUM(BD31:BD32)/SUM(BC31:BC32),0) -> 0 | BD83: =IFERROR(SUM(BE30:BE31)/SUM(BD30:BD31),0) -> 1 | BE83: =IFERROR(SUM(BF29:BF30)/SUM(BE29:BE30),0) -> 0.95860776 | BF83: =IFERROR(SUM(BG28:BG29)/SUM(BF28:BF29),0) -> 0.94971835 | BG83: =IFERROR(SUM(BH27:BH28)/SUM(BG27:BG28),0) -> 1 | BH83: =IFERROR(SUM(BI26:BI27)/SUM(BH26:BH27),0) -> 1 | BI83: =IFERROR(SUM(BJ25:BJ26)/SUM(BI25:BI26),0) -> 1 | BJ83: =IFERROR(SUM(BK24:BK25)/SUM(BJ24:BJ25),0) -> 1 | BK83: =IFERROR(SUM(BL23:BL24)/SUM(BK23:BK24),0) -> 1 | BL83: =IFERROR(SUM(BM22:BM23)/SUM(BL22:BL23),0) -> 1 | BM83: =IFERROR(SUM(BN21:BN22)/SUM(BM21:BM22),0) -> 1 | BN83: =IFERROR(SUM(BO20:BO21)/SUM(BN20:BN21),0) -> 1 | BO83: =IFERROR(SUM(BP19:BP20)/SUM(BO19:BO20),0) -> 0.99932366 | BP83: =IFERROR(SUM(BQ18:BQ19)/SUM(BP18:BP19),0) -> 1 | BQ83: =IFERROR(SUM(BR17:BR18)/SUM(BQ17:BQ18),0) -> 0.98950678 | BR83: =IFERROR(SUM(BS16:BS17)/SUM(BR16:BR17),0) -> 0.99033446 | BS83: =IFERROR(SUM(BT15:BT16)/SUM(BS15:BS16),0) -> 1 | BT83: =IFERROR(SUM(BU14:BU15)/SUM(BT14:BT15),0) -> 1 | BU83: =IFERROR(SUM(BV13:BV14)/SUM(BU13:BU14),0) -> 0.99994918 | BV83: =IFERROR(SUM(BW12:BW13)/SUM(BV12:BV13),0) -> 1 | BW83: =IFERROR(SUM(BX11:BX12)/SUM(BW11:BW12),0) -> 0 | BX83: =IFERROR(SUM(BY10:BY11)/SUM(BX10:BX11),0) -> 0 | BY83: =IFERROR(SUM(BZ9:BZ10)/SUM(BY9:BY10),0) -> 0 | BZ83: =IFERROR(SUM(CA8:CA9)/SUM(BZ8:BZ9),0) -> 0 | CA83: =IFERROR(SUM(CB7:CB8)/SUM(CA7:CA8),0) -> 0 | CB83: =IFERROR(SUM(CC7:CC7)/SUM(CB7:CB7),0) -> 0
B84: 近三期平均 | C84: =IFERROR(AVERAGE(C77:C79),0) -> 0 | D84: =IFERROR(AVERAGE(D76:D78),0) -> 0 | E84: =IFERROR(AVERAGE(E75:E77),0) -> 0 | F84: =IFERROR(AVERAGE(F74:F76),0) -> 0 | G84: =IFERROR(AVERAGE(G73:G75),0) -> 0 | H84: =IFERROR(AVERAGE(H72:H74),0) -> 0 | I84: =IFERROR(AVERAGE(I71:I73),0) -> 0 | J84: =IFERROR(AVERAGE(J70:J72),0) -> 0 | K84: =IFERROR(AVERAGE(K69:K71),0) -> 0.33333333 | L84: =IFERROR(AVERAGE(L68:L70),0) -> 0.56184427 | M84: =IFERROR(AVERAGE(M67:M69),0) -> 0.84709355 | N84: =IFERROR(AVERAGE(N66:N68),0) -> 0.49011032 | O84: =IFERROR(AVERAGE(O65:O67),0) -> 0.66666667 | P84: =IFERROR(AVERAGE(P64:P66),0) -> 0.33333333 | Q84: =IFERROR(AVERAGE(Q63:Q65),0) -> 0.66666667 | R84: =IFERROR(AVERAGE(R62:R64),0) -> 0.33333333 | S84: =IFERROR(AVERAGE(S61:S63),0) -> 0.66666667 | T84: =IFERROR(AVERAGE(T60:T62),0) -> 0.66666667 | U84: =IFERROR(AVERAGE(U59:U61),0) -> 1 | V84: =IFERROR(AVERAGE(V58:V60),0) -> 1 | W84: =IFERROR(AVERAGE(W57:W59),0) -> 0.99931861 | X84: =IFERROR(AVERAGE(X56:X58),0) -> 1.1234333 | Y84: =IFERROR(AVERAGE(Y55:Y57),0) -> 0.65650205 | Z84: =IFERROR(AVERAGE(Z54:Z56),0) -> 0.66344482 | AA84: =IFERROR(AVERAGE(AA53:AA55),0) -> 0.66636821 | AB84: =IFERROR(AVERAGE(AB52:AB54),0) -> 1 | AC84: =IFERROR(AVERAGE(AC51:AC53),0) -> 0.66663679 | AD84: =IFERROR(AVERAGE(AD50:AD52),0) -> 0.33333333 | AE84: =IFERROR(AVERAGE(AE49:AE51),0) -> 0 | AF84: =IFERROR(AVERAGE(AF48:AF50),0) -> 0 | AG84: =IFERROR(AVERAGE(AG47:AG49),0) -> 0 | AH84: =IFERROR(AVERAGE(AH46:AH48),0) -> 0 | AI84: =IFERROR(AVERAGE(AI46:AI47),0) -> 0 | AJ84: =IFERROR(AVERAGE(AJ46:AJ46),0) -> 0 | AT84: 近三期平均 | AU84: =IFERROR(AVERAGE(AU77:AU79),0) -> 0 | AV84: =IFERROR(AVERAGE(AV76:AV78),0) -> 0 | AW84: =IFERROR(AVERAGE(AW75:AW77),0) -> 0 | AX84: =IFERROR(AVERAGE(AX74:AX76),0) -> 0 | AY84: =IFERROR(AVERAGE(AY73:AY75),0) -> 0 | AZ84: =IFERROR(AVERAGE(AZ72:AZ74),0) -> 0 | BA84: =IFERROR(AVERAGE(BA71:BA73),0) -> 0 | BB84: =IFERROR(AVERAGE(BB70:BB72),0) -> 0 | BC84: =IFERROR(AVERAGE(BC69:BC71),0) -> 0.33333333 | BD84: =IFERROR(AVERAGE(BD68:BD70),0) -> 0.56184427 | BE84: =IFERROR(AVERAGE(BE67:BE69),0) -> 0.84709355 | BF84: =IFERROR(AVERAGE(BF66:BF68),0) -> 0.49011032 | BG84: =IFERROR(AVERAGE(BG65:BG67),0) -> 0.66666667 | BH84: =IFERROR(AVERAGE(BH64:BH66),0) -> 0.33333333 | BI84: =IFERROR(AVERAGE(BI63:BI65),0) -> 0.66666667 | BJ84: =IFERROR(AVERAGE(BJ62:BJ64),0) -> 0.33333333 | BK84: =IFERROR(AVERAGE(BK61:BK63),0) -> 0.66666667 | BL84: =IFERROR(AVERAGE(BL60:BL62),0) -> 0.66666667 | BM84: =IFERROR(AVERAGE(BM59:BM61),0) -> 1 | BN84: =IFERROR(AVERAGE(BN58:BN60),0) -> 1 | BO84: =IFERROR(AVERAGE(BO57:BO59),0) -> 0.99931861 | BP84: =IFERROR(AVERAGE(BP56:BP58),0) -> 1.1234333 | BQ84: =IFERROR(AVERAGE(BQ55:BQ57),0) -> 0.65650205 | BR84: =IFERROR(AVERAGE(BR54:BR56),0) -> 0.66344482 | BS84: =IFERROR(AVERAGE(BS53:BS55),0) -> 0.66636821 | BT84: =IFERROR(AVERAGE(BT52:BT54),0) -> 1 | BU84: =IFERROR(AVERAGE(BU51:BU53),0) -> 0.66663679 | BV84: =IFERROR(AVERAGE(BV50:BV52),0) -> 0.33333333 | BW84: =IFERROR(AVERAGE(BW49:BW51),0) -> 0 | BX84: =IFERROR(AVERAGE(BX48:BX50),0) -> 0 | BY84: =IFERROR(AVERAGE(BY47:BY49),0) -> 0 | BZ84: =IFERROR(AVERAGE(BZ46:BZ48),0) -> 0 | CA84: =IFERROR(AVERAGE(CA46:CA47),0) -> 0 | CB84: =IFERROR(AVERAGE(CB46:CB46),0) -> 0
B85: 近三期加权平均 | C85: =IFERROR(SUM(D38:D40)/SUM(C38:C40),0) -> 0 | D85: =IFERROR(SUM(E37:E39)/SUM(D37:D39),0) -> 0 | E85: =IFERROR(SUM(F36:F38)/SUM(E36:E38),0) -> 0 | F85: =IFERROR(SUM(G35:G37)/SUM(F35:F37),0) -> 0 | G85: =IFERROR(SUM(H34:H36)/SUM(G34:G36),0) -> 0 | H85: =IFERROR(SUM(I33:I35)/SUM(H33:H35),0) -> 0 | I85: =IFERROR(SUM(J32:J34)/SUM(I32:I34),0) -> 0 | J85: =IFERROR(SUM(K31:K33)/SUM(J31:J33),0) -> 0 | K85: =IFERROR(SUM(L30:L32)/SUM(K30:K32),0) -> 1 | L85: =IFERROR(SUM(M29:M31)/SUM(L29:L31),0) -> 0.96025298 | M85: =IFERROR(SUM(N28:N30)/SUM(M28:M30),0) -> 0.97175869 | N85: =IFERROR(SUM(O27:O29)/SUM(N27:N29),0) -> 0.94971835 | O85: =IFERROR(SUM(P26:P28)/SUM(O26:O28),0) -> 1 | P85: =IFERROR(SUM(Q25:Q27)/SUM(P25:P27),0) -> 1 | Q85: =IFERROR(SUM(R24:R26)/SUM(Q24:Q26),0) -> 1 | R85: =IFERROR(SUM(S23:S25)/SUM(R23:R25),0) -> 1 | S85: =IFERROR(SUM(T22:T24)/SUM(S22:S24),0) -> 1 | T85: =IFERROR(SUM(U21:U23)/SUM(T21:T23),0) -> 1 | U85: =IFERROR(SUM(V20:V22)/SUM(U20:U22),0) -> 1 | V85: =IFERROR(SUM(W19:W21)/SUM(V19:V21),0) -> 1 | W85: =IFERROR(SUM(X18:X20)/SUM(W18:W20),0) -> 0.99962338 | X85: =IFERROR(SUM(Y17:Y19)/SUM(X17:X19),0) -> 1.1593769 | Y85: =IFERROR(SUM(Z16:Z18)/SUM(Y16:Y18),0) -> 0.98950678 | Z85: =IFERROR(SUM(AA15:AA17)/SUM(Z15:Z17),0) -> 0.99069807 | AA85: =IFERROR(SUM(AB14:AB16)/SUM(AA14:AA16),0) -> 0.99912282 | AB85: =IFERROR(SUM(AC13:AC15)/SUM(AB13:AB15),0) -> 1 | AC85: =IFERROR(SUM(AD12:AD14)/SUM(AC12:AC14),0) -> 0.99994918 | AD85: =IFERROR(SUM(AE11:AE13)/SUM(AD11:AD13),0) -> 1 | AE85: =IFERROR(SUM(AF10:AF12)/SUM(AE10:AE12),0) -> 0 | AF85: =IFERROR(SUM(AG9:AG11)/SUM(AF9:AF11),0) -> 0 | AG85: =IFERROR(SUM(AH8:AH10)/SUM(AG8:AG10),0) -> 0 | AH85: =IFERROR(SUM(AI7:AI9)/SUM(AH7:AH9),0) -> 0 | AI85: =IFERROR(SUM(AJ7:AJ8)/SUM(AI7:AI8),0) -> 0 | AJ85: =IFERROR(SUM(AK7:AK7)/SUM(AJ7:AJ7),0) -> 0 | AT85: 近三期加权平均 | AU85: =IFERROR(SUM(AV38:AV40)/SUM(AU38:AU40),0) -> 0 | AV85: =IFERROR(SUM(AW37:AW39)/SUM(AV37:AV39),0) -> 0 | AW85: =IFERROR(SUM(AX36:AX38)/SUM(AW36:AW38),0) -> 0 | AX85: =IFERROR(SUM(AY35:AY37)/SUM(AX35:AX37),0) -> 0 | AY85: =IFERROR(SUM(AZ34:AZ36)/SUM(AY34:AY36),0) -> 0 | AZ85: =IFERROR(SUM(BA33:BA35)/SUM(AZ33:AZ35),0) -> 0 | BA85: =IFERROR(SUM(BB32:BB34)/SUM(BA32:BA34),0) -> 0 | BB85: =IFERROR(SUM(BC31:BC33)/SUM(BB31:BB33),0) -> 0 | BC85: =IFERROR(SUM(BD30:BD32)/SUM(BC30:BC32),0) -> 1 | BD85: =IFERROR(SUM(BE29:BE31)/SUM(BD29:BD31),0) -> 0.96025298 | BE85: =IFERROR(SUM(BF28:BF30)/SUM(BE28:BE30),0) -> 0.97175869 | BF85: =IFERROR(SUM(BG27:BG29)/SUM(BF27:BF29),0) -> 0.94971835 | BG85: =IFERROR(SUM(BH26:BH28)/SUM(BG26:BG28),0) -> 1 | BH85: =IFERROR(SUM(BI25:BI27)/SUM(BH25:BH27),0) -> 1 | BI85: =IFERROR(SUM(BJ24:BJ26)/SUM(BI24:BI26),0) -> 1 | BJ85: =IFERROR(SUM(BK23:BK25)/SUM(BJ23:BJ25),0) -> 1 | BK85: =IFERROR(SUM(BL22:BL24)/SUM(BK22:BK24),0) -> 1 | BL85: =IFERROR(SUM(BM21:BM23)/SUM(BL21:BL23),0) -> 1 | BM85: =IFERROR(SUM(BN20:BN22)/SUM(BM20:BM22),0) -> 1 | BN85: =IFERROR(SUM(BO19:BO21)/SUM(BN19:BN21),0) -> 1 | BO85: =IFERROR(SUM(BP18:BP20)/SUM(BO18:BO20),0) -> 0.99962338 | BP85: =IFERROR(SUM(BQ17:BQ19)/SUM(BP17:BP19),0) -> 1.1593769 | BQ85: =IFERROR(SUM(BR16:BR18)/SUM(BQ16:BQ18),0) -> 0.98950678 | BR85: =IFERROR(SUM(BS15:BS17)/SUM(BR15:BR17),0) -> 0.99069807 | BS85: =IFERROR(SUM(BT14:BT16)/SUM(BS14:BS16),0) -> 0.99912282 | BT85: =IFERROR(SUM(BU13:BU15)/SUM(BT13:BT15),0) -> 1 | BU85: =IFERROR(SUM(BV12:BV14)/SUM(BU12:BU14),0) -> 0.99994918 | BV85: =IFERROR(SUM(BW11:BW13)/SUM(BV11:BV13),0) -> 1 | BW85: =IFERROR(SUM(BX10:BX12)/SUM(BW10:BW12),0) -> 0 | BX85: =IFERROR(SUM(BY9:BY11)/SUM(BX9:BX11),0) -> 0 | BY85: =IFERROR(SUM(BZ8:BZ10)/SUM(BY8:BY10),0) -> 0 | BZ85: =IFERROR(SUM(CA7:CA9)/SUM(BZ7:BZ9),0) -> 0 | CA85: =IFERROR(SUM(CB7:CB8)/SUM(CA7:CA8),0) -> 0 | CB85: =IFERROR(SUM(CC7:CC7)/SUM(CB7:CB7),0) -> 0
B86: 近四期加权平均 | C86: =IFERROR(SUM(D37:D40)/SUM(C37:C40),0) -> 0 | D86: =IFERROR(SUM(E36:E39)/SUM(D36:D39),0) -> 0 | E86: =IFERROR(SUM(F35:F38)/SUM(E35:E38),0) -> 0 | F86: =IFERROR(SUM(G34:G37)/SUM(F34:F37),0) -> 0 | G86: =IFERROR(SUM(H33:H36)/SUM(G33:G36),0) -> 0 | H86: =IFERROR(SUM(I32:I35)/SUM(H32:H35),0) -> 0 | I86: =IFERROR(SUM(J31:J34)/SUM(I31:I34),0) -> 0 | J86: =IFERROR(SUM(K30:K33)/SUM(J30:J33),0) -> 1 | K86: =IFERROR(SUM(L29:L32)/SUM(K29:K32),0) -> 1 | L86: =IFERROR(SUM(M28:M31)/SUM(L28:L31),0) -> 0.97253435 | M86: =IFERROR(SUM(N27:N30)/SUM(M27:M30),0) -> 0.97175869 | N86: =IFERROR(SUM(O26:O29)/SUM(N26:N29),0) -> 0.95981995 | O86: =IFERROR(SUM(P25:P28)/SUM(O25:O28),0) -> 1 | P86: =IFERROR(SUM(Q24:Q27)/SUM(P24:P27),0) -> 1 | Q86: =IFERROR(SUM(R23:R26)/SUM(Q23:Q26),0) -> 1 | R86: =IFERROR(SUM(S22:S25)/SUM(R22:R25),0) -> 1 | S86: =IFERROR(SUM(T21:T24)/SUM(S21:S24),0) -> 1 | T86: =IFERROR(SUM(U20:U23)/SUM(T20:T23),0) -> 1 | U86: =IFERROR(SUM(V19:V22)/SUM(U19:U22),0) -> 1 | V86: =IFERROR(SUM(W18:W21)/SUM(V18:V21),0) -> 1 | W86: =IFERROR(SUM(X17:X20)/SUM(W17:W20),0) -> 0.999767 | X86: =IFERROR(SUM(Y16:Y19)/SUM(X16:X19),0) -> 1.1593769 | Y86: =IFERROR(SUM(Z15:Z18)/SUM(Y15:Y18),0) -> 0.98976909 | Z86: =IFERROR(SUM(AA14:AA17)/SUM(Z14:Z17),0) -> 0.99439936 | AA86: =IFERROR(SUM(AB13:AB16)/SUM(AA13:AA16),0) -> 0.99949792 | AB86: =IFERROR(SUM(AC12:AC15)/SUM(AB12:AB15),0) -> 1 | AC86: =IFERROR(SUM(AD11:AD14)/SUM(AC11:AC14),0) -> 0.99994918 | AD86: =IFERROR(SUM(AE10:AE13)/SUM(AD10:AD13),0) -> 1 | AE86: =IFERROR(SUM(AF9:AF12)/SUM(AE9:AE12),0) -> 0 | AF86: =IFERROR(SUM(AG8:AG11)/SUM(AF8:AF11),0) -> 0 | AG86: =IFERROR(SUM(AH7:AH10)/SUM(AG7:AG10),0) -> 0 | AH86: =IFERROR(SUM(AI7:AI9)/SUM(AH7:AH9),0) -> 0 | AI86: =IFERROR(SUM(AJ7:AJ8)/SUM(AI7:AI8),0) -> 0 | AJ86: =IFERROR(SUM(AK7:AK7)/SUM(AJ7:AJ7),0) -> 0 | AT86: 近四期加权平均 | AU86: =IFERROR(SUM(AV37:AV40)/SUM(AU37:AU40),0) -> 0 | AV86: =IFERROR(SUM(AW36:AW39)/SUM(AV36:AV39),0) -> 0 | AW86: =IFERROR(SUM(AX35:AX38)/SUM(AW35:AW38),0) -> 0 | AX86: =IFERROR(SUM(AY34:AY37)/SUM(AX34:AX37),0) -> 0 | AY86: =IFERROR(SUM(AZ33:AZ36)/SUM(AY33:AY36),0) -> 0 | AZ86: =IFERROR(SUM(BA32:BA35)/SUM(AZ32:AZ35),0) -> 0 | BA86: =IFERROR(SUM(BB31:BB34)/SUM(BA31:BA34),0) -> 0 | BB86: =IFERROR(SUM(BC30:BC33)/SUM(BB30:BB33),0) -> 1 | BC86: =IFERROR(SUM(BD29:BD32)/SUM(BC29:BC32),0) -> 1 | BD86: =IFERROR(SUM(BE28:BE31)/SUM(BD28:BD31),0) -> 0.97253435 | BE86: =IFERROR(SUM(BF27:BF30)/SUM(BE27:BE30),0) -> 0.97175869 | BF86: =IFERROR(SUM(BG26:BG29)/SUM(BF26:BF29),0) -> 0.95981995 | BG86: =IFERROR(SUM(BH25:BH28)/SUM(BG25:BG28),0) -> 1 | BH86: =IFERROR(SUM(BI24:BI27)/SUM(BH24:BH27),0) -> 1 | BI86: =IFERROR(SUM(BJ23:BJ26)/SUM(BI23:BI26),0) -> 1 | BJ86: =IFERROR(SUM(BK22:BK25)/SUM(BJ22:BJ25),0) -> 1 | BK86: =IFERROR(SUM(BL21:BL24)/SUM(BK21:BK24),0) -> 1 | BL86: =IFERROR(SUM(BM20:BM23)/SUM(BL20:BL23),0) -> 1 | BM86: =IFERROR(SUM(BN19:BN22)/SUM(BM19:BM22),0) -> 1 | BN86: =IFERROR(SUM(BO18:BO21)/SUM(BN18:BN21),0) -> 1 | BO86: =IFERROR(SUM(BP17:BP20)/SUM(BO17:BO20),0) -> 0.999767 | BP86: =IFERROR(SUM(BQ16:BQ19)/SUM(BP16:BP19),0) -> 1.1593769 | BQ86: =IFERROR(SUM(BR15:BR18)/SUM(BQ15:BQ18),0) -> 0.98976909 | BR86: =IFERROR(SUM(BS14:BS17)/SUM(BR14:BR17),0) -> 0.99439936 | BS86: =IFERROR(SUM(BT13:BT16)/SUM(BS13:BS16),0) -> 0.99949792 | BT86: =IFERROR(SUM(BU12:BU15)/SUM(BT12:BT15),0) -> 1 | BU86: =IFERROR(SUM(BV11:BV14)/SUM(BU11:BU14),0) -> 0.99994918 | BV86: =IFERROR(SUM(BW10:BW13)/SUM(BV10:BV13),0) -> 1 | BW86: =IFERROR(SUM(BX9:BX12)/SUM(BW9:BW12),0) -> 0 | BX86: =IFERROR(SUM(BY8:BY11)/SUM(BX8:BX11),0) -> 0 | BY86: =IFERROR(SUM(BZ7:BZ10)/SUM(BY7:BY10),0) -> 0 | BZ86: =IFERROR(SUM(CA7:CA9)/SUM(BZ7:BZ9),0) -> 0 | CA86: =IFERROR(SUM(CB7:CB8)/SUM(CA7:CA8),0) -> 0 | CB86: =IFERROR(SUM(CC7:CC7)/SUM(CB7:CB7),0) -> 0
B87: 近五期加权平均 | C87: =IFERROR(SUM(D36:D40)/SUM(C36:C40),0) -> 0 | D87: =IFERROR(SUM(E35:E39)/SUM(D35:D39),0) -> 0 | E87: =IFERROR(SUM(F34:F38)/SUM(E34:E38),0) -> 0 | F87: =IFERROR(SUM(G33:G37)/SUM(F33:F37),0) -> 0 | G87: =IFERROR(SUM(H32:H36)/SUM(G32:G36),0) -> 0 | H87: =IFERROR(SUM(I31:I35)/SUM(H31:H35),0) -> 0 | I87: =IFERROR(SUM(J30:J34)/SUM(I30:I34),0) -> 1 | J87: =IFERROR(SUM(K29:K33)/SUM(J29:J33),0) -> 0.99147201 | K87: =IFERROR(SUM(L28:L32)/SUM(K28:K32),0) -> 1 | L87: =IFERROR(SUM(M27:M31)/SUM(L27:L31),0) -> 0.97253435 | M87: =IFERROR(SUM(N26:N30)/SUM(M26:M30),0) -> 0.97404897 | N87: =IFERROR(SUM(O25:O29)/SUM(N25:N29),0) -> 0.95981995 | O87: =IFERROR(SUM(P24:P28)/SUM(O24:O28),0) -> 1 | P87: =IFERROR(SUM(Q23:Q27)/SUM(P23:P27),0) -> 1 | Q87: =IFERROR(SUM(R22:R26)/SUM(Q22:Q26),0) -> 0.99986689 | R87: =IFERROR(SUM(S21:S25)/SUM(R21:R25),0) -> 1 | S87: =IFERROR(SUM(T20:T24)/SUM(S20:S24),0) -> 1 | T87: =IFERROR(SUM(U19:U23)/SUM(T19:T23),0) -> 1 | U87: =IFERROR(SUM(V18:V22)/SUM(U18:U22),0) -> 1 | V87: =IFERROR(SUM(W17:W21)/SUM(V17:V21),0) -> 1 | W87: =IFERROR(SUM(X16:X20)/SUM(W16:W20),0) -> 0.999767 | X87: =IFERROR(SUM(Y15:Y19)/SUM(X15:X19),0) -> 1.1414261 | Y87: =IFERROR(SUM(Z14:Z18)/SUM(Y14:Y18),0) -> 0.99201452 | Z87: =IFERROR(SUM(AA13:AA17)/SUM(Z13:Z17),0) -> 0.99439816 | AA87: =IFERROR(SUM(AB12:AB16)/SUM(AA12:AA16),0) -> 0.99949792 | AB87: =IFERROR(SUM(AC11:AC15)/SUM(AB11:AB15),0) -> 1 | AC87: =IFERROR(SUM(AD10:AD14)/SUM(AC10:AC14),0) -> 0.99994918 | AD87: =IFERROR(SUM(AE9:AE13)/SUM(AD9:AD13),0) -> 1 | AE87: =IFERROR(SUM(AF8:AF12)/SUM(AE8:AE12),0) -> 0 | AF87: =IFERROR(SUM(AG7:AG11)/SUM(AF7:AF11),0) -> 0 | AG87: =IFERROR(SUM(AH7:AH10)/SUM(AG7:AG10),0) -> 0 | AH87: =IFERROR(SUM(AI7:AI9)/SUM(AH7:AH9),0) -> 0 | AI87: =IFERROR(SUM(AJ7:AJ8)/SUM(AI7:AI8),0) -> 0 | AJ87: =IFERROR(SUM(AK7:AK7)/SUM(AJ7:AJ7),0) -> 0 | AT87: 近五期加权平均 | AU87: =IFERROR(SUM(AV36:AV40)/SUM(AU36:AU40),0) -> 0 | AV87: =IFERROR(SUM(AW35:AW39)/SUM(AV35:AV39),0) -> 0 | AW87: =IFERROR(SUM(AX34:AX38)/SUM(AW34:AW38),0) -> 0 | AX87: =IFERROR(SUM(AY33:AY37)/SUM(AX33:AX37),0) -> 0 | AY87: =IFERROR(SUM(AZ32:AZ36)/SUM(AY32:AY36),0) -> 0 | AZ87: =IFERROR(SUM(BA31:BA35)/SUM(AZ31:AZ35),0) -> 0 | BA87: =IFERROR(SUM(BB30:BB34)/SUM(BA30:BA34),0) -> 1 | BB87: =IFERROR(SUM(BC29:BC33)/SUM(BB29:BB33),0) -> 0.99147201 | BC87: =IFERROR(SUM(BD28:BD32)/SUM(BC28:BC32),0) -> 1 | BD87: =IFERROR(SUM(BE27:BE31)/SUM(BD27:BD31),0) -> 0.97253435 | BE87: =IFERROR(SUM(BF26:BF30)/SUM(BE26:BE30),0) -> 0.97404897 | BF87: =IFERROR(SUM(BG25:BG29)/SUM(BF25:BF29),0) -> 0.95981995 | BG87: =IFERROR(SUM(BH24:BH28)/SUM(BG24:BG28),0) -> 1 | BH87: =IFERROR(SUM(BI23:BI27)/SUM(BH23:BH27),0) -> 1 | BI87: =IFERROR(SUM(BJ22:BJ26)/SUM(BI22:BI26),0) -> 0.99986689 | BJ87: =IFERROR(SUM(BK21:BK25)/SUM(BJ21:BJ25),0) -> 1 | BK87: =IFERROR(SUM(BL20:BL24)/SUM(BK20:BK24),0) -> 1 | BL87: =IFERROR(SUM(BM19:BM23)/SUM(BL19:BL23),0) -> 1 | BM87: =IFERROR(SUM(BN18:BN22)/SUM(BM18:BM22),0) -> 1 | BN87: =IFERROR(SUM(BO17:BO21)/SUM(BN17:BN21),0) -> 1 | BO87: =IFERROR(SUM(BP16:BP20)/SUM(BO16:BO20),0) -> 0.999767 | BP87: =IFERROR(SUM(BQ15:BQ19)/SUM(BP15:BP19),0) -> 1.1414261 | BQ87: =IFERROR(SUM(BR14:BR18)/SUM(BQ14:BQ18),0) -> 0.99201452 | BR87: =IFERROR(SUM(BS13:BS17)/SUM(BR13:BR17),0) -> 0.99439816 | BS87: =IFERROR(SUM(BT12:BT16)/SUM(BS12:BS16),0) -> 0.99949792 | BT87: =IFERROR(SUM(BU11:BU15)/SUM(BT11:BT15),0) -> 1 | BU87: =IFERROR(SUM(BV10:BV14)/SUM(BU10:BU14),0) -> 0.99994918 | BV87: =IFERROR(SUM(BW9:BW13)/SUM(BV9:BV13),0) -> 1 | BW87: =IFERROR(SUM(BX8:BX12)/SUM(BW8:BW12),0) -> 0 | BX87: =IFERROR(SUM(BY7:BY11)/SUM(BX7:BX11),0) -> 0 | BY87: =IFERROR(SUM(BZ7:BZ10)/SUM(BY7:BY10),0) -> 0 | BZ87: =IFERROR(SUM(CA7:CA9)/SUM(BZ7:BZ9),0) -> 0 | CA87: =IFERROR(SUM(CB7:CB8)/SUM(CA7:CA8),0) -> 0 | CB87: =IFERROR(SUM(CC7:CC7)/SUM(CB7:CB7),0) -> 0
B88: 近六期加权平均 | C88: =IFERROR(SUM(D35:D40)/SUM(C35:C40),0) -> 0 | D88: =IFERROR(SUM(E34:E39)/SUM(D34:D39),0) -> 0 | E88: =IFERROR(SUM(F33:F38)/SUM(E33:E38),0) -> 0 | F88: =IFERROR(SUM(G32:G37)/SUM(F32:F37),0) -> 0 | G88: =IFERROR(SUM(H31:H36)/SUM(G31:G36),0) -> 0 | H88: =IFERROR(SUM(I30:I35)/SUM(H30:H35),0) -> 1 | I88: =IFERROR(SUM(J29:J34)/SUM(I29:I34),0) -> 1 | J88: =IFERROR(SUM(K28:K33)/SUM(J28:J33),0) -> 0.99409149 | K88: =IFERROR(SUM(L27:L32)/SUM(K27:K32),0) -> 1 | L88: =IFERROR(SUM(M26:M31)/SUM(L26:L31),0) -> 0.97470539 | M88: =IFERROR(SUM(N25:N30)/SUM(M25:M30),0) -> 0.97404897 | N88: =IFERROR(SUM(O24:O29)/SUM(N24:N29),0) -> 0.9788286 | O88: =IFERROR(SUM(P23:P28)/SUM(O23:O28),0) -> 1 | P88: =IFERROR(SUM(Q22:Q27)/SUM(P22:P27),0) -> 1 | Q88: =IFERROR(SUM(R21:R26)/SUM(Q21:Q26),0) -> 0.99990207 | R88: =IFERROR(SUM(S20:S25)/SUM(R20:R25),0) -> 1 | S88: =IFERROR(SUM(T19:T24)/SUM(S19:S24),0) -> 1 | T88: =IFERROR(SUM(U18:U23)/SUM(T18:T23),0) -> 1 | U88: =IFERROR(SUM(V17:V22)/SUM(U17:U22),0) -> 1.0064308 | V88: =IFERROR(SUM(W16:W21)/SUM(V16:V21),0) -> 1 | W88: =IFERROR(SUM(X15:X20)/SUM(W15:W20),0) -> 0.99977419 | X88: =IFERROR(SUM(Y14:Y19)/SUM(X14:X19),0) -> 1.0616402 | Y88: =IFERROR(SUM(Z13:Z18)/SUM(Y13:Y18),0) -> 0.9943646 | Z88: =IFERROR(SUM(AA12:AA17)/SUM(Z12:Z17),0) -> 0.99439816 | AA88: =IFERROR(SUM(AB11:AB16)/SUM(AA11:AA16),0) -> 0.99949792 | AB88: =IFERROR(SUM(AC10:AC15)/SUM(AB10:AB15),0) -> 1 | AC88: =IFERROR(SUM(AD9:AD14)/SUM(AC9:AC14),0) -> 0.99994918 | AD88: =IFERROR(SUM(AE8:AE13)/SUM(AD8:AD13),0) -> 1 | AE88: =IFERROR(SUM(AF7:AF12)/SUM(AE7:AE12),0) -> 0 | AF88: =IFERROR(SUM(AG7:AG11)/SUM(AF7:AF11),0) -> 0 | AG88: =IFERROR(SUM(AH7:AH10)/SUM(AG7:AG10),0) -> 0 | AH88: =IFERROR(SUM(AI7:AI9)/SUM(AH7:AH9),0) -> 0 | AI88: =IFERROR(SUM(AJ7:AJ8)/SUM(AI7:AI8),0) -> 0 | AJ88: =IFERROR(SUM(AK7:AK7)/SUM(AJ7:AJ7),0) -> 0 | AT88: 近六期加权平均 | AU88: =IFERROR(SUM(AV35:AV40)/SUM(AU35:AU40),0) -> 0 | AV88: =IFERROR(SUM(AW34:AW39)/SUM(AV34:AV39),0) -> 0 | AW88: =IFERROR(SUM(AX33:AX38)/SUM(AW33:AW38),0) -> 0 | AX88: =IFERROR(SUM(AY32:AY37)/SUM(AX32:AX37),0) -> 0 | AY88: =IFERROR(SUM(AZ31:AZ36)/SUM(AY31:AY36),0) -> 0 | AZ88: =IFERROR(SUM(BA30:BA35)/SUM(AZ30:AZ35),0) -> 1 | BA88: =IFERROR(SUM(BB29:BB34)/SUM(BA29:BA34),0) -> 1 | BB88: =IFERROR(SUM(BC28:BC33)/SUM(BB28:BB33),0) -> 0.99409149 | BC88: =IFERROR(SUM(BD27:BD32)/SUM(BC27:BC32),0) -> 1 | BD88: =IFERROR(SUM(BE26:BE31)/SUM(BD26:BD31),0) -> 0.97470539 | BE88: =IFERROR(SUM(BF25:BF30)/SUM(BE25:BE30),0) -> 0.97404897 | BF88: =IFERROR(SUM(BG24:BG29)/SUM(BF24:BF29),0) -> 0.9788286 | BG88: =IFERROR(SUM(BH23:BH28)/SUM(BG23:BG28),0) -> 1 | BH88: =IFERROR(SUM(BI22:BI27)/SUM(BH22:BH27),0) -> 1 | BI88: =IFERROR(SUM(BJ21:BJ26)/SUM(BI21:BI26),0) -> 0.99990207 | BJ88: =IFERROR(SUM(BK20:BK25)/SUM(BJ20:BJ25),0) -> 1 | BK88: =IFERROR(SUM(BL19:BL24)/SUM(BK19:BK24),0) -> 1 | BL88: =IFERROR(SUM(BM18:BM23)/SUM(BL18:BL23),0) -> 1 | BM88: =IFERROR(SUM(BN17:BN22)/SUM(BM17:BM22),0) -> 1.0064308 | BN88: =IFERROR(SUM(BO16:BO21)/SUM(BN16:BN21),0) -> 1 | BO88: =IFERROR(SUM(BP15:BP20)/SUM(BO15:BO20),0) -> 0.99977419 | BP88: =IFERROR(SUM(BQ14:BQ19)/SUM(BP14:BP19),0) -> 1.0616402 | BQ88: =IFERROR(SUM(BR13:BR18)/SUM(BQ13:BQ18),0) -> 0.9943646 | BR88: =IFERROR(SUM(BS12:BS17)/SUM(BR12:BR17),0) -> 0.99439816 | BS88: =IFERROR(SUM(BT11:BT16)/SUM(BS11:BS16),0) -> 0.99949792 | BT88: =IFERROR(SUM(BU10:BU15)/SUM(BT10:BT15),0) -> 1 | BU88: =IFERROR(SUM(BV9:BV14)/SUM(BU9:BU14),0) -> 0.99994918 | BV88: =IFERROR(SUM(BW8:BW13)/SUM(BV8:BV13),0) -> 1 | BW88: =IFERROR(SUM(BX7:BX12)/SUM(BW7:BW12),0) -> 0 | BX88: =IFERROR(SUM(BY7:BY11)/SUM(BX7:BX11),0) -> 0 | BY88: =IFERROR(SUM(BZ7:BZ10)/SUM(BY7:BY10),0) -> 0 | BZ88: =IFERROR(SUM(CA7:CA9)/SUM(BZ7:BZ9),0) -> 0 | CA88: =IFERROR(SUM(CB7:CB8)/SUM(CA7:CA8),0) -> 0 | CB88: =IFERROR(SUM(CC7:CC7)/SUM(CB7:CB7),0) -> 0
B89: 选取值 | C89: 0 | D89: 1 | E89: 1 | F89: 1 | G89: 1 | H89: 0 | I89: 1 | J89: 1 | K89: 1 | L89: 1 | M89: 1 | N89: 1 | O89: 1 | P89: 1 | Q89: 1 | R89: 1 | S89: 1 | T89: 1 | U89: 1 | V89: 1 | W89: 1 | X89: 1 | Y89: 1 | Z89: 1 | AA89: 1 | AB89: 1 | AC89: 1 | AD89: 1 | AE89: 1 | AF89: 1 | AG89: 1 | AH89: 1 | AI89: 1 | AJ89: 1 | AK89: 1 | AT89: 选取值 | AU89: 0 | AV89: 1 | AW89: 1 | AX89: 1 | AY89: 1 | AZ89: 0 | BA89: 1 | BB89: 1 | BC89: 1 | BD89: 1 | BE89: 1 | BF89: 1 | BG89: 1 | BH89: 1 | BI89: 1 | BJ89: 1 | BK89: 1 | BL89: 1 | BM89: 1 | BN89: 1 | BO89: 1 | BP89: 1 | BQ89: 1 | BR89: 1 | BS89: 1 | BT89: 1 | BU89: 1 | BV89: 1 | BW89: 1 | BX89: 1 | BY89: 1 | BZ89: 1 | CA89: 1 | CB89: 1 | CC89: 1
B90: CDF | C90: =IFERROR(C89*D90,0) -> 0 | D90: =IFERROR(D89*E90,0) -> 0 | E90: =IFERROR(E89*F90,0) -> 0 | F90: =IFERROR(F89*G90,0) -> 0 | G90: =IFERROR(G89*H90,0) -> 0 | H90: =IFERROR(H89*I90,0) -> 0 | I90: =IFERROR(I89*J90,0) -> 1 | J90: =IFERROR(J89*K90,0) -> 1 | ... AJ90: =IFERROR(AJ89*AK90,0) -> 1 | AK90: =AK89 -> 1 | AT90: CDF | AU90: =IFERROR(AU89*AV90,0) -> 0 | AV90: =IFERROR(AV89*AW90,0) -> 0 | AW90: =IFERROR(AW89*AX90,0) -> 0 | AX90: =IFERROR(AX89*AY90,0) -> 0 | AY90: =IFERROR(AY89*AZ90,0) -> 0 | AZ90: =IFERROR(AZ89*BA90,0) -> 0 | BA90: =IFERROR(BA89*BB90,0) -> 1 | BB90: =IFERROR(BB89*BC90,0) -> 1 | ... CB90: =IFERROR(CB89*CC90,0) -> 1 | CC90: =CC89 -> 1
B91: 未决比例 | C91: =IFERROR(ROUND(1-1/C90,4),0) -> 0 | D91: =IFERROR(ROUND(1-1/D90,4),0) -> 0 | E91: =IFERROR(ROUND(1-1/E90,4),0) -> 0 | F91: =IFERROR(ROUND(1-1/F90,4),0) -> 0 | G91: =IFERROR(ROUND(1-1/G90,4),0) -> 0 | H91: =IFERROR(ROUND(1-1/H90,4),0) -> 0 | I91: =IFERROR(ROUND(1-1/I90,4),0) -> 0 | J91: =IFERROR(ROUND(1-1/J90,4),0) -> 0 | ... AK91: =IFERROR(ROUND(1-1/AK90,4),0) -> 0 | AT91: 未决比例 | AU91: =IFERROR(ROUND(1-1/AU90,4),0) -> 0 | AV91: =IFERROR(ROUND(1-1/AV90,4),0) -> 0 | AW91: =IFERROR(ROUND(1-1/AW90,4),0) -> 0 | AX91: =IFERROR(ROUND(1-1/AX90,4),0) -> 0 | AY91: =IFERROR(ROUND(1-1/AY90,4),0) -> 0 | AZ91: =IFERROR(ROUND(1-1/AZ90,4),0) -> 0 | BA91: =IFERROR(ROUND(1-1/BA90,4),0) -> 0 | BB91: =IFERROR(ROUND(1-1/BB90,4),0) -> 0 | ... CC91: =IFERROR(ROUND(1-1/CC90,4),0) -> 0
B92: 已决比例 | C92: =IFERROR(1/C90,0) -> 0 | D92: =IFERROR(1/D90,0) -> 0 | E92: =IFERROR(1/E90,0) -> 0 | F92: =IFERROR(1/F90,0) -> 0 | G92: =IFERROR(1/G90,0) -> 0 | H92: =IFERROR(1/H90,0) -> 0 | I92: =IFERROR(1/I90,0) -> 1 | J92: =IFERROR(1/J90,0) -> 1 | ... AK92: =IFERROR(1/AK90,0) -> 1 | AT92: 已决比例 | AU92: =IFERROR(1/AU90,0) -> 0 | AV92: =IFERROR(1/AV90,0) -> 0 | AW92: =IFERROR(1/AW90,0) -> 0 | AX92: =IFERROR(1/AX90,0) -> 0 | AY92: =IFERROR(1/AY90,0) -> 0 | AZ92: =IFERROR(1/AZ90,0) -> 0 | BA92: =IFERROR(1/BA90,0) -> 1 | BB92: =IFERROR(1/BB90,0) -> 1 | ... CC92: =IFERROR(1/CC90,0) -> 1
B93: 增量比例 | C93: =C92 -> 0 | D93: =D92-C92 -> 0 | E93: =E92-D92 -> 0 | F93: =F92-E92 -> 0 | G93: =G92-F92 -> 0 | H93: =H92-G92 -> 0 | I93: =I92-H92 -> 1 | J93: =J92-I92 -> 0 | K93: =K92-J92 -> 0 | ... AK93: =AK92-AJ92 -> 0 | AT93: 增量比例 | AU93: =AU92 -> 0 | AV93: =AV92-AU92 -> 0 | AW93: =AW92-AV92 -> 0 | AX93: =AX92-AW92 -> 0 | AY93: =AY92-AX92 -> 0 | AZ93: =AZ92-AY92 -> 0 | BA93: =BA92-AZ92 -> 1 | BB93: =BB92-BA92 -> 0 | BC93: =BC92-BB92 -> 0 | ... CC93: =CC92-CB92 -> 0
B96: 未决三角形 | AJ96: 单位：人民币元 | AT96: 未决三角形 | CB96: 单位：人民币元
B97: 事故月份 | C97: 进展区间 | AT97: 事故月份 | AU97: 进展区间
C98: 1 | D98: 2 | E98: 3 | F98: 4 | G98: 5 | H98: 6 | I98: 7 | J98: 8 | K98: 9 | L98: 10 | M98: 11 | N98: 12 | O98: 13 | P98: 14 | Q98: 15 | R98: 16 | S98: 17 | T98: 18 | U98: 19 | V98: 20 | W98: 21 | X98: 22 | Y98: 23 | Z98: 24 | AA98: 25 | AB98: 26 | AC98: 27 | AD98: 28 | AE98: 29 | AF98: 30 | AG98: 31 | AH98: 32 | AI98: 33 | AJ98: 34 | AK98: 35 | AU98: 1 | AV98: 2 | AW98: 3 | AX98: 4 | AY98: 5 | AZ98: 6 | BA98: 7 | BB98: 8 | BC98: 9 | BD98: 10 | BE98: 11 | BF98: 12 | BG98: 13 | BH98: 14 | BI98: 15 | BJ98: 16 | BK98: 17 | BL98: 18 | BM98: 19 | BN98: 20 | BO98: 21 | BP98: 22 | BQ98: 23 | BR98: 24 | BS98: 25 | BT98: 26 | BU98: 27 | BV98: 28 | BW98: 29 | BX98: 30 | BY98: 31 | BZ98: 32 | CA98: 33 | CB98: 34 | CC98: 35
B99: 201506 | C99: 0 | D99: 0 | E99: 0 | F99: 0 | G99: 0 | H99: 0 | I99: 0 | J99: 0 | K99: 0 | L99: 0 | M99: 0 | N99: 0 | O99: 0 | P99: 0 | Q99: 0 | R99: 0 | S99: 0 | T99: 0 | U99: 0 | V99: 0 | W99: 0 | X99: 0 | Y99: 0 | Z99: 0 | AA99: 0 | AB99: 0 | AC99: 0 | AD99: 0 | AE99: 0 | AF99: 0 | AG99: 0 | AH99: 0 | AI99: 0 | AJ99: 0 | AK99: 0 | AT99: 201506 | AU99: 0 | AV99: 0 | AW99: 0 | AX99: 0 | AY99: 0 | AZ99: 0 | BA99: 0 | BB99: 0 | BC99: 0 | BD99: 0 | BE99: 0 | BF99: 0 | BG99: 0 | BH99: 0 | BI99: 0 | BJ99: 0 | BK99: 0 | BL99: 0 | BM99: 0 | BN99: 0 | BO99: 0 | BP99: 0 | BQ99: 0 | BR99: 0 | BS99: 0 | BT99: 0 | BU99: 0 | BV99: 0 | BW99: 0 | BX99: 0 | BY99: 0 | BZ99: 0 | CA99: 0 | CB99: 0 | CC99: 0
B100: 201509 | C100: 0 | D100: 0 | E100: 0 | F100: 0 | G100: 0 | H100: 0 | I100: 0 | J100: 0 | K100: 0 | L100: 0 | M100: 0 | N100: 0 | O100: 0 | P100: 0 | Q100: 0 | R100: 0 | S100: 0 | T100: 0 | U100: 0 | V100: 0 | W100: 0 | X100: 0 | Y100: 0 | Z100: 0 | AA100: 0 | AB100: 0 | AC100: 0 | AD100: 0 | AE100: 0 | AF100: 0 | AG100: 0 | AH100: 0 | AI100: 0 | AJ100: 0 | AT100: 201509 | AU100: 0 | AV100: 0 | AW100: 0 | AX100: 0 | AY100: 0 | AZ100: 0 | BA100: 0 | BB100: 0 | BC100: 0 | BD100: 0 | BE100: 0 | BF100: 0 | BG100: 0 | BH100: 0 | BI100: 0 | BJ100: 0 | BK100: 0 | BL100: 0 | BM100: 0 | BN100: 0 | BO100: 0 | BP100: 0 | BQ100: 0 | BR100: 0 | BS100: 0 | BT100: 0 | BU100: 0 | BV100: 0 | BW100: 0 | BX100: 0 | BY100: 0 | BZ100: 0 | CA100: 0 | CB100: 0
B101: 201512 | C101: 0 | D101: 0 | E101: 0 | F101: 0 | G101: 0 | H101: 0 | I101: 0 | J101: 0 | K101: 0 | L101: 0 | M101: 0 | N101: 0 | O101: 0 | P101: 0 | Q101: 0 | R101: 0 | S101: 0 | T101: 0 | U101: 0 | V101: 0 | W101: 0 | X101: 0 | Y101: 0 | Z101: 0 | AA101: 0 | AB101: 0 | AC101: 0 | AD101: 0 | AE101: 0 | AF101: 0 | AG101: 0 | AH101: 0 | AI101: 0 | AT101: 201512 | AU101: 0 | AV101: 0 | AW101: 0 | AX101: 0 | AY101: 0 | AZ101: 0 | BA101: 0 | BB101: 0 | BC101: 0 | BD101: 0 | BE101: 0 | BF101: 0 | BG101: 0 | BH101: 0 | BI101: 0 | BJ101: 0 | BK101: 0 | BL101: 0 | BM101: 0 | BN101: 0 | BO101: 0 | BP101: 0 | BQ101: 0 | BR101: 0 | BS101: 0 | BT101: 0 | BU101: 0 | BV101: 0 | BW101: 0 | BX101: 0 | BY101: 0 | BZ101: 0 | CA101: 0
B102: 201603 | C102: 0 | D102: 0 | E102: 0 | F102: 0 | G102: 0 | H102: 0 | I102: 0 | J102: 0 | K102: 0 | L102: 0 | M102: 0 | N102: 0 | O102: 0 | P102: 0 | Q102: 0 | R102: 0 | S102: 0 | T102: 0 | U102: 0 | V102: 0 | W102: 0 | X102: 0 | Y102: 0 | Z102: 0 | AA102: 0 | AB102: 0 | AC102: 0 | AD102: 0 | AE102: 0 | AF102: 0 | AG102: 0 | AH102: 0 | AT102: 201603 | AU102: 0 | AV102: 0 | AW102: 0 | AX102: 0 | AY102: 0 | AZ102: 0 | BA102: 0 | BB102: 0 | BC102: 0 | BD102: 0 | BE102: 0 | BF102: 0 | BG102: 0 | BH102: 0 | BI102: 0 | BJ102: 0 | BK102: 0 | BL102: 0 | BM102: 0 | BN102: 0 | BO102: 0 | BP102: 0 | BQ102: 0 | BR102: 0 | BS102: 0 | BT102: 0 | BU102: 0 | BV102: 0 | BW102: 0 | BX102: 0 | BY102: 0 | BZ102: 0
B103: 201606 | C103: 0 | D103: 0 | E103: 0 | F103: 0 | G103: 0 | H103: 0 | I103: 0 | J103: 0 | K103: 0 | L103: 0 | M103: 0 | N103: 0 | O103: 0 | P103: 0 | Q103: 0 | R103: 0 | S103: 0 | T103: 0 | U103: 0 | V103: 0 | W103: 0 | X103: 0 | Y103: 0 | Z103: 0 | AA103: 0 | AB103: 0 | AC103: 0 | AD103: 0 | AE103: 0 | AF103: 0 | AG103: 0 | AT103: 201606 | AU103: 0 | AV103: 0 | AW103: 0 | AX103: 0 | AY103: 0 | AZ103: 0 | BA103: 0 | BB103: 0 | BC103: 0 | BD103: 0 | BE103: 0 | BF103: 0 | BG103: 0 | BH103: 0 | BI103: 0 | BJ103: 0 | BK103: 0 | BL103: 0 | BM103: 0 | BN103: 0 | BO103: 0 | BP103: 0 | BQ103: 0 | BR103: 0 | BS103: 0 | BT103: 0 | BU103: 0 | BV103: 0 | BW103: 0 | BX103: 0 | BY103: 0
B104: 201609 | C104: 0 | D104: 0 | E104: 0 | F104: 0 | G104: 0 | H104: 0 | I104: 0 | J104: 0 | K104: 0 | L104: 0 | M104: 0 | N104: 0 | O104: 0 | P104: 0 | Q104: 0 | R104: 0 | S104: 0 | T104: 0 | U104: 0 | V104: 0 | W104: 0 | X104: 0 | Y104: 0 | Z104: 0 | AA104: 0 | AB104: 0 | AC104: 0 | AD104: 0 | AE104: 0 | AF104: 0 | AT104: 201609 | AU104: 0 | AV104: 0 | AW104: 0 | AX104: 0 | AY104: 0 | AZ104: 0 | BA104: 0 | BB104: 0 | BC104: 0 | BD104: 0 | BE104: 0 | BF104: 0 | BG104: 0 | BH104: 0 | BI104: 0 | BJ104: 0 | BK104: 0 | BL104: 0 | BM104: 0 | BN104: 0 | BO104: 0 | BP104: 0 | BQ104: 0 | BR104: 0 | BS104: 0 | BT104: 0 | BU104: 0 | BV104: 0 | BW104: 0 | BX104: 0
...

Sheet 财产险
B2: 黄色底格要求可自行填写或输入公式 | AX2: 黄色底格要求可自行填写或输入公式 | CP2: 黄色底格要求可自行填写或输入公式
B3: 再保前 | AX3: 再保后 | CP3: 再保后
B4: 累计已决三角形 | AJ4: 单位：人民币元 | AX4: 累计已决三角形 | CF4: 单位：人民币元 | CP4: 累计已决三角形 | DX4: 单位：人民币元
B5: 事故月份 | C5: 进展区间 | AX5: 事故月份 | AY5: 进展区间 | CP5: 事故月份 | CQ5: 进展区间
C6: 1 | D6: 2 | E6: 3 | F6: 4 | G6: 5 | H6: 6 | I6: 7 | J6: 8 | K6: 9 | L6: 10 | M6: 11 | N6: 12 | O6: 13 | P6: 14 | Q6: 15 | R6: 16 | S6: 17 | T6: 18 | U6: 19 | V6: 20 | W6: 21 | X6: 22 | Y6: 23 | Z6: 24 | AA6: 25 | AB6: 26 | AC6: 27 | AD6: 28 | AE6: 29 | AF6: 30 | AG6: 31 | AH6: 32 | AI6: 33 | AJ6: 34 | AK6: 35 | AY6: 1 | AZ6: 2 | BA6: 3 | BB6: 4 | BC6: 5 | BD6: 6 | BE6: 7 | BF6: 8 | BG6: 9 | BH6: 10 | BI6: 11 | BJ6: 12 | BK6: 13 | BL6: 14 | BM6: 15 | BN6: 16 | BO6: 17 | BP6: 18 | BQ6: 19 | BR6: 20 | BS6: 21 | BT6: 22 | BU6: 23 | BV6: 24 | BW6: 25 | BX6: 26 | BY6: 27 | BZ6: 28 | CA6: 29 | CB6: 30 | CC6: 31 | CD6: 32 | CE6: 33 | CF6: 34 | CG6: 35 | CQ6: 1 | CR6: 2 | CS6: 3 | CT6: 4 | CU6: 5 | CV6: 6 | CW6: 7 | CX6: 8 | CY6: 9 | CZ6: 10 | DA6: 11 | DB6: 12 | DC6: 13 | DD6: 14 | DE6: 15 | DF6: 16 | DG6: 17 | DH6: 18 | DI6: 19 | DJ6: 20 | DK6: 21 | DL6: 22 | DM6: 23 | DN6: 24 | DO6: 25 | DP6: 26 | DQ6: 27 | DR6: 28 | DS6: 29 | DT6: 30 | DU6: 31 | DV6: 32 | DW6: 33 | DX6: 34 | DY6: 35
B7: 201606 | C7: 73450 | D7: 506213 | E7: 513613 | F7: 514288 | G7: 514888 | H7: 514888 | I7: 514888 | J7: 514888 | K7: 514888 | L7: 514888 | M7: 514888 | N7: 514888 | O7: 514888 | P7: 514888 | Q7: 514888 | R7: 514888 | S7: 514888 | T7: 514888 | U7: 514888 | V7: 514888 | W7: 514888 | X7: 514888 | Y7: 514888 | Z7: 514888 | AA7: 514888 | AB7: 514888 | AC7: 514888 | AD7: 514888 | AE7: 514888 | AF7: 514888 | AG7: 514888 | AH7: 514888 | AI7: 514888 | AJ7: 514888 | AK7: 514888 | AX7: 201606 | AY7: 73450 | AZ7: 506213 | BA7: 513613 | BB7: 514288 | BC7: 514888 | BD7: 514888 | BE7: 514888 | BF7: 514888 | BG7: 514888 | BH7: 514888 | BI7: 514888 | BJ7: 514888 | BK7: 514888 | BL7: 514888 | BM7: 514888 | BN7: 514888 | BO7: 514888 | BP7: 514888 | BQ7: 514888 | BR7: 514888 | BS7: 514888 | BT7: 514888 | BU7: 514888 | BV7: 514888 | BW7: 514888 | BX7: 514888 | BY7: 514888 | BZ7: 514888 | CA7: 514888 | CB7: 514888 | CC7: 514888 | CD7: 514888 | CE7: 514888 | CF7: 514888 | CG7: 514888 | CP7: 201506 | CQ7: 0 | CR7: 0 | CS7: 0 | CT7: 0 | CU7: 0 | CV7: 0 | CW7: 0 | CX7: 0 | CY7: 0 | CZ7: 0 | DA7: 0 | DB7: 0 | DC7: 0 | DD7: 0 | DE7: 0 | DF7: 0 | DG7: 0 | DH7: 0 | DI7: 0 | DJ7: 0 | DK7: 0 | DL7: 0 | DM7: 0 | DN7: 0 | DO7: 0 | DP7: 0 | DQ7: 0 | DR7: 0 | DS7: 0 | DT7: 0 | DU7: 0 | DV7: 0 | DW7: 0 | DX7: 0 | DY7: 0
B8: 201609 | C8: 90324 | D8: 95204 | E8: 95204 | F8: 106004 | G8: 155104 | H8: 164564 | I8: 164564 | J8: 168364 | K8: 168364 | L8: 168364 | M8: 168364 | N8: 168364 | O8: 168364 | P8: 168364 | Q8: 168364 | R8: 168364 | S8: 168364 | T8: 168364 | U8: 168364 | V8: 168364 | W8: 168364 | X8: 168364 | Y8: 168364 | Z8: 168364 | AA8: 168364 | AB8: 168364 | AC8: 168364 | AD8: 168364 | AE8: 168364 | AF8: 168364 | AG8: 168364 | AH8: 168364 | AI8: 168364 | AJ8: 168364 | AX8: 201609 | AY8: 90324 | AZ8: 95204 | BA8: 95204 | BB8: 106004 | BC8: 155104 | BD8: 164564 | BE8: 164564 | BF8: 168364 | BG8: 168364 | BH8: 168364 | BI8: 168364 | BJ8: 168364 | BK8: 168364 | BL8: 168364 | BM8: 168364 | BN8: 168364 | BO8: 168364 | BP8: 168364 | BQ8: 168364 | BR8: 168364 | BS8: 168364 | BT8: 168364 | BU8: 168364 | BV8: 168364 | BW8: 168364 | BX8: 168364 | BY8: 168364 | BZ8: 168364 | CA8: 168364 | CB8: 168364 | CC8: 168364 | CD8: 168364 | CE8: 168364 | CF8: 168364 | CP8: 201509 | CQ8: 0 | CR8: 0 | CS8: 0 | CT8: 0 | CU8: 0 | CV8: 0 | CW8: 0 | CX8: 0 | CY8: 0 | CZ8: 0 | DA8: 0 | DB8: 0 | DC8: 0 | DD8: 0 | DE8: 0 | DF8: 0 | DG8: 0 | DH8: 0 | DI8: 0 | DJ8: 0 | DK8: 0 | DL8: 0 | DM8: 0 | DN8: 0 | DO8: 0 | DP8: 0 | DQ8: 0 | DR8: 0 | DS8: 0 | DT8: 0 | DU8: 0 | DV8: 0 | DW8: 0 | DX8: 0
B9: 201612 | C9: 1650 | D9: 77050 | E9: 187823.18 | F9: 205103.18 | G9: 205103.18 | H9: 211903.18 | I9: 211903.18 | J9: 211903.18 | K9: 211903.18 | L9: 211903.18 | M9: 211903.18 | N9: 211903.18 | O9: 211903.18 | P9: 211903.18 | Q9: 211903.18 | R9: 211903.18 | S9: 211903.18 | T9: 211903.18 | U9: 211903.18 | V9: 211903.18 | W9: 211903.18 | X9: 211903.18 | Y9: 211903.18 | Z9: 211903.18 | AA9: 211903.18 | AB9: 211903.18 | AC9: 211903.18 | AD9: 211903.18 | AE9: 211903.18 | AF9: 211903.18 | AG9: 211903.18 | AH9: 211903.18 | AI9: 211903.18 | AX9: 201612 | AY9: 1650 | AZ9: 77050 | BA9: 187823.18 | BB9: 205103.18 | BC9: 205103.18 | BD9: 211903.18 | BE9: 211903.18 | BF9: 211903.18 | BG9: 211903.18 | BH9: 211903.18 | BI9: 211903.18 | BJ9: 211903.18 | BK9: 211903.18 | BL9: 211903.18 | BM9: 211903.18 | BN9: 211903.18 | BO9: 211903.18 | BP9: 211903.18 | BQ9: 211903.18 | BR9: 211903.18 | BS9: 211903.18 | BT9: 211903.18 | BU9: 211903.18 | BV9: 211903.18 | BW9: 211903.18 | BX9: 211903.18 | BY9: 211903.18 | BZ9: 211903.18 | CA9: 211903.18 | CB9: 211903.18 | CC9: 211903.18 | CD9: 211903.18 | CE9: 211903.18 | CP9: 201512 | CQ9: 0 | CR9: 0 | CS9: 0 | CT9: 0 | CU9: 0 | CV9: 0 | CW9: 0 | CX9: 0 | CY9: 0 | CZ9: 0 | DA9: 0 | DB9: 0 | DC9: 0 | DD9: 0 | DE9: 0 | DF9: 0 | DG9: 0 | DH9: 0 | DI9: 0 | DJ9: 0 | DK9: 0 | DL9: 0 | DM9: 0 | DN9: 0 | DO9: 0 | DP9: 0 | DQ9: 0 | DR9: 0 | DS9: 0 | DT9: 0 | DU9: 0 | DV9: 0 | DW9: 0
B10: 201703 | C10: 171306 | D10: 441166 | E10: 450166 | F10: 450166 | G10: 450166 | H10: 450166 | I10: 450166 | J10: 450166 | K10: 450902.2 | L10: 456072.49 | M10: 456072.49 | N10: 456072.49 | O10: 456072.49 | P10: 456072.49 | Q10: 456072.49 | R10: 456072.49 | S10: 456072.49 | T10: 456072.49 | U10: 456072.49 | V10: 456072.49 | W10: 456072.49 | X10: 456072.49 | Y10: 456072.49 | Z10: 456072.49 | AA10: 456072.49 | AB10: 456072.49 | AC10: 456072.49 | AD10: 456072.49 | AE10: 456072.49 | AF10: 456072.49 | AG10: 456072.49 | AH10: 456072.49 | AX10: 201703 | AY10: 171306 | AZ10: 441166 | BA10: 450166 | BB10: 450166 | BC10: 450166 | BD10: 450166 | BE10: 450166 | BF10: 450166 | BG10: 450902.2 | BH10: 456072.49 | BI10: 456072.49 | BJ10: 456072.49 | BK10: 456072.49 | BL10: 456072.49 | BM10: 456072.49 | BN10: 456072.49 | BO10: 456072.49 | BP10: 456072.49 | BQ10: 456072.49 | BR10: 456072.49 | BS10: 456072.49 | BT10: 456072.49 | BU10: 456072.49 | BV10: 456072.49 | BW10: 456072.49 | BX10: 456072.49 | BY10: 456072.49 | BZ10: 456072.49 | CA10: 456072.49 | CB10: 456072.49 | CC10: 456072.49 | CD10: 456072.49 | CP10: 201603 | CQ10: 0 | CR10: 0 | CS10: 0 | CT10: 0 | CU10: 0 | CV10: 0 | CW10: 0 | CX10: 0 | CY10: 0 | CZ10: 0 | DA10: 0 | DB10: 0 | DC10: 0 | DD10: 0 | DE10: 0 | DF10: 0 | DG10: 0 | DH10: 0 | DI10: 0 | DJ10: 0 | DK10: 0 | DL10: 0 | DM10: 0 | DN10: 0 | DO10: 0 | DP10: 0 | DQ10: 0 | DR10: 0 | DS10: 0 | DT10: 0 | DU10: 0 | DV10: 0
B11: 201706 | C11: 437596.4 | D11: 1098565.3 | E11: 1382869 | F11: 1486179.4 | G11: 1486179.4 | H11: 1486179.4 | I11: 1486179.4 | J11: 1486179.4 | K11: 1486179.4 | L11: 1486179.4 | M11: 1486179.4 | N11: 1486179.4 | O11: 1486179.4 | P11: 1486179.4 | Q11: 1486179.4 | R11: 1486179.4 | S11: 1486179.4 | T11: 1486179.4 | U11: 1486179.4 | V11: 1486179.4 | W11: 1486179.4 | X11: 1486179.4 | Y11: 1486179.4 | Z11: 1486179.4 | AA11: 1486179.4 | AB11: 1486179.4 | AC11: 1486179.4 | AD11: 1486179.4 | AE11: 1486179.4 | AF11: 1486179.4 | AG11: 1486179.4 | AX11: 201706 | AY11: 437596.4 | AZ11: 1098565.3 | BA11: 1382869 | BB11: 1486179.4 | BC11: 1486179.4 | BD11: 1486179.4 | BE11: 1486179.4 | BF11: 1486179.4 | BG11: 1486179.4 | BH11: 1486179.4 | BI11: 1486179.4 | BJ11: 1486179.4 | BK11: 1486179.4 | BL11: 1486179.4 | BM11: 1486179.4 | BN11: 1486179.4 | BO11: 1486179.4 | BP11: 1486179.4 | BQ11: 1486179.4 | BR11: 1486179.4 | BS11: 1486179.4 | BT11: 1486179.4 | BU11: 1486179.4 | BV11: 1486179.4 | BW11: 1486179.4 | BX11: 1486179.4 | BY11: 1486179.4 | BZ11: 1486179.4 | CA11: 1486179.4 | CB11: 1486179.4 | CC11: 1486179.4 | CP11: 201606 | CQ11: 73450 | CR11: 506213 | CS11: 513613 | CT11: 514288 | CU11: 514888 | CV11: 514888 | CW11: 514888 | CX11: 514888 | CY11: 514888 | CZ11: 514888 | DA11: 514888 | DB11: 514888 | DC11: 514888 | DD11: 514888 | DE11: 514888 | DF11: 514888 | DG11: 514888 | DH11: 514888 | DI11: 514888 | DJ11: 514888 | DK11: 514888 | DL11: 514888 | DM11: 514888 | DN11: 514888 | DO11: 514888 | DP11: 514888 | DQ11: 514888 | DR11: 514888 | DS11: 514888 | DT11: 514888 | DU11: 514888
B12: 201709 | C12: 898347.3 | D12: 2079772 | E12: 2189337.1 | F12: 2189337.1 | G12: 2189337.1 | H12: 2189337.1 | I12: 2189337.1 | J12: 2189337.1 | K12: 2189337.1 | L12: 2189337.1 | M12: 2189337.1 | N12: 2189337.1 | O12: 2189337.1 | P12: 2189337.1 | Q12: 2189337.1 | R12: 2189337.1 | S12: 2189337.1 | T12: 2189337.1 | U12: 2189337.1 | V12: 2189337.1 | W12: 2189337.1 | X12: 2189337.1 | Y12: 2189337.1 | Z12: 2189337.1 | AA12: 2189337.1 | AB12: 2189337.1 | AC12: 2189337.1 | AD12: 2189337.1 | AE12: 2189337.1 | AF12: 2189337.1 | AX12: 201709 | AY12: 898347.3 | AZ12: 2079772 | BA12: 2189337.1 | BB12: 2189337.1 | BC12: 2189337.1 | BD12: 2189337.1 | BE12: 2189337.1 | BF12: 2189337.1 | BG12: 2189337.1 | BH12: 2189337.1 | BI12: 2189337.1 | BJ12: 2189337.1 | BK12: 2189337.1 | BL12: 2189337.1 | BM12: 2189337.1 | BN12: 2189337.1 | BO12: 2189337.1 | BP12: 2189337.1 | BQ12: 2189337.1 | BR12: 2189337.1 | BS12: 2189337.1 | BT12: 2189337.1 | BU12: 2189337.1 | BV12: 2189337.1 | BW12: 2189337.1 | BX12: 2189337.1 | BY12: 2189337.1 | BZ12: 2189337.1 | CA12: 2189337.1 | CB12: 2189337.1 | CP12: 201609 | CQ12: 90324 | CR12: 95204 | CS12: 95204 | CT12: 106004 | CU12: 155104 | CV12: 164564 | CW12: 164564 | CX12: 168364 | CY12: 168364 | CZ12: 168364 | DA12: 168364 | DB12: 168364 | DC12: 168364 | DD12: 168364 | DE12: 168364 | DF12: 168364 | DG12: 168364 | DH12: 168364 | DI12: 168364 | DJ12: 168364 | DK12: 168364 | DL12: 168364 | DM12: 168364 | DN12: 168364 | DO12: 168364 | DP12: 168364 | DQ12: 168364 | DR12: 168364 | DS12: 168364 | DT12: 168364
B13: 201712 | C13: 608349.87 | D13: 962919.52 | E13: 1017800.5 | F13: 1074284.8 | G13: 1079397.1 | H13: 1079397.1 | I13: 1079397.1 | J13: 1081997.1 | K13: 1081997.1 | L13: 1081997.1 | M13: 1087740.8 | N13: 1087740.8 | O13: 1087740.8 | P13: 1087740.8 | Q13: 1087740.8 | R13: 1087740.8 | S13: 1087740.8 | T13: 1087740.8 | U13: 1087740.8 | V13: 1087740.8 | W13: 1087740.8 | X13: 1087740.8 | Y13: 1087740.8 | Z13: 1087740.8 | AA13: 1087740.8 | AB13: 1087740.8 | AC13: 1087740.8 | AD13: 1087740.8 | AE13: 1087740.8 | AX13: 201712 | AY13: 608349.87 | AZ13: 962919.52 | BA13: 1017800.5 | BB13: 1074284.8 | BC13: 1079397.1 | BD13: 1079397.1 | BE13: 1079397.1 | BF13: 1081997.1 | BG13: 1081997.1 | BH13: 1081997.1 | BI13: 1087740.8 | BJ13: 1087740.8 | BK13: 1087740.8 | BL13: 1087740.8 | BM13: 1087740.8 | BN13: 1087740.8 | BO13: 1087740.8 | BP13: 1087740.8 | BQ13: 1087740.8 | BR13: 1087740.8 | BS13: 1087740.8 | BT13: 1087740.8 | BU13: 1087740.8 | BV13: 1087740.8 | BW13: 1087740.8 | BX13: 1087740.8 | BY13: 1087740.8 | BZ13: 1087740.8 | CA13: 1087740.8 | CP13: 201612 | CQ13: 1650 | CR13: 77050 | CS13: 187823.18 | CT13: 205103.18 | CU13: 205103.18 | CV13: 211903.18 | CW13: 211903.18 | CX13: 211903.18 | CY13: 211903.18 | CZ13: 211903.18 | DA13: 211903.18 | DB13: 211903.18 | DC13: 211903.18 | DD13: 211903.18 | DE13: 211903.18 | DF13: 211903.18 | DG13: 211903.18 | DH13: 211903.18 | DI13: 211903.18 | DJ13: 211903.18 | DK13: 211903.18 | DL13: 211903.18 | DM13: 211903.18 | DN13: 211903.18 | DO13: 211903.18 | DP13: 211903.18 | DQ13: 211903.18 | DR13: 211903.18 | DS13: 211903.18
B14: 201803 | C14: 3027103.7 | D14: 3553883.9 | E14: 3710037.2 | F14: 3799919.6 | G14: 3799919.6 | H14: 3815193.3 | I14: 3834993.3 | J14: 3838812.3 | K14: 3841762.3 | L14: 3841762.3 | M14: 3841762.3 | N14: 3841762.3 | O14: 3841762.3 | P14: 3841762.3 | Q14: 3841762.3 | R14: 3841762.3 | S14: 3841762.3 | T14: 3841762.3 | U14: 3841762.3 | V14: 3841762.3 | W14: 3841762.3 | X14: 3841762.3 | Y14: 3841762.3 | Z14: 3841762.3 | AA14: 3841762.3 | AB14: 3841762.3 | AC14: 3841762.3 | AD14: 3841762.3 | AX14: 201803 | AY14: 3027103.7 | AZ14: 3553883.9 | BA14: 3710037.2 | BB14: 3799919.6 | BC14: 3799919.6 | BD14: 3815193.3 | BE14: 3834993.3 | BF14: 3838812.3 | BG14: 3841762.3 | BH14: 3841762.3 | BI14: 3841762.3 | BJ14: 3841762.3 | BK14: 3841762.3 | BL14: 3841762.3 | BM14: 3841762.3 | BN14: 3841762.3 | BO14: 3841762.3 | BP14: 3841762.3 | BQ14: 3841762.3 | BR14: 3841762.3 | BS14: 3841762.3 | BT14: 3841762.3 | BU14: 3841762.3 | BV14: 3841762.3 | BW14: 3841762.3 | BX14: 3841762.3 | BY14: 3841762.3 | BZ14: 3841762.3 | CP14: 201703 | CQ14: 171306 | CR14: 441166 | CS14: 450166 | CT14: 450166 | CU14: 450166 | CV14: 450166 | CW14: 450166 | CX14: 450166 | CY14: 450902.2 | CZ14: 456072.49 | DA14: 456072.49 | DB14: 456072.49 | DC14: 456072.49 | DD14: 456072.49 | DE14: 456072.49 | DF14: 456072.49 | DG14: 456072.49 | DH14: 456072.49 | DI14: 456072.49 | DJ14: 456072.49 | DK14: 456072.49 | DL14: 456072.49 | DM14: 456072.49 | DN14: 456072.49 | DO14: 456072.49 | DP14: 456072.49 | DQ14: 456072.49 | DR14: 456072.49
B15: 201806 | C15: 1919334 | D15: 3124564 | E15: 3471147.9 | F15: 3488098.9 | G15: 3488498.9 | H15: 3488498.9 | I15: 3488498.9 | J15: 3488498.9 | K15: 3488498.9 | L15: 3488498.9 | M15: 3488498.9 | N15: 3488498.9 | O15: 3488498.9 | P15: 3488498.9 | Q15: 3488498.9 | R15: 3488498.9 | S15: 3488498.9 | T15: 3488498.9 | U15: 3488498.9 | V15: 3488498.9 | W15: 3488498.9 | X15: 3488498.9 | Y15: 3488498.9 | Z15: 3488498.9 | AA15: 3488498.9 | AB15: 3488498.9 | AC15: 3488498.9 | AX15: 201806 | AY15: 1919334 | AZ15: 3124564 | BA15: 3471147.9 | BB15: 3488098.9 | BC15: 3488498.9 | BD15: 3488498.9 | BE15: 3488498.9 | BF15: 3488498.9 | BG15: 3488498.9 | BH15: 3488498.9 | BI15: 3488498.9 | BJ15: 3488498.9 | BK15: 3488498.9 | BL15: 3488498.9 | BM15: 3488498.9 | BN15: 3488498.9 | BO15: 3488498.9 | BP15: 3488498.9 | BQ15: 3488498.9 | BR15: 3488498.9 | BS15: 3488498.9 | BT15: 3488498.9 | BU15: 3488498.9 | BV15: 3488498.9 | BW15: 3488498.9 | BX15: 3488498.9 | BY15: 3488498.9 | CP15: 201706 | CQ15: 437596.4 | CR15: 1098565.3 | CS15: 1382869 | CT15: 1486179.4 | CU15: 1486179.4 | CV15: 1486179.4 | CW15: 1486179.4 | CX15: 1486179.4 | CY15: 1486179.4 | CZ15: 1486179.4 | DA15: 1486179.4 | DB15: 1486179.4 | DC15: 1486179.4 | DD15: 1486179.4 | DE15: 1486179.4 | DF15: 1486179.4 | DG15: 1486179.4 | DH15: 1486179.4 | DI15: 1486179.4 | DJ15: 1486179.4 | DK15: 1486179.4 | DL15: 1486179.4 | DM15: 1486179.4 | DN15: 1486179.4 | DO15: 1486179.4 | DP15: 1486179.4 | DQ15: 1486179.4
B16: 201809 | C16: 946217.44 | D16: 1628916.9 | E16: 1688796.1 | F16: 1693016.1 | G16: 1693016.1 | H16: 1752043 | I16: 1752043 | J16: 1755212.1 | K16: 1755212.1 | L16: 1755212.1 | M16: 1755212.1 | N16: 1755212.1 | O16: 1755212.1 | P16: 1755212.1 | Q16: 1755212.1 | R16: 1755212.1 | S16: 1755212.1 | T16: 1755212.1 | U16: 1755212.1 | V16: 1755212.1 | W16: 1755212.1 | X16: 1755212.1 | Y16: 1755212.1 | Z16: 1755212.1 | AA16: 1755212.1 | AB16: 1755212.1 | AX16: 201809 | AY16: 946217.44 | AZ16: 1628916.9 | BA16: 1688796.1 | BB16: 1693016.1 | BC16: 1693016.1 | BD16: 1752043 | BE16: 1752043 | BF16: 1755212.1 | BG16: 1755212.1 | BH16: 1755212.1 | BI16: 1755212.1 | BJ16: 1755212.1 | BK16: 1755212.1 | BL16: 1755212.1 | BM16: 1755212.1 | BN16: 1755212.1 | BO16: 1755212.1 | BP16: 1755212.1 | BQ16: 1755212.1 | BR16: 1755212.1 | BS16: 1755212.1 | BT16: 1755212.1 | BU16: 1755212.1 | BV16: 1755212.1 | BW16: 1755212.1 | BX16: 1755212.1 | CP16: 201709 | CQ16: 898347.3 | CR16: 2079772 | CS16: 2189337.1 | CT16: 2189337.1 | CU16: 2189337.1 | CV16: 2189337.1 | CW16: 2189337.1 | CX16: 2189337.1 | CY16: 2189337.1 | CZ16: 2189337.1 | DA16: 2189337.1 | DB16: 2189337.1 | DC16: 2189337.1 | DD16: 2189337.1 | DE16: 2189337.1 | DF16: 2189337.1 | DG16: 2189337.1 | DH16: 2189337.1 | DI16: 2189337.1 | DJ16: 2189337.1 | DK16: 2189337.1 | DL16: 2189337.1 | DM16: 2189337.1 | DN16: 2189337.1 | DO16: 2189337.1 | DP16: 2189337.1
B17: 201812 | C17: 529616.65 | D17: 712153.52 | E17: 844102.08 | F17: 896725.08 | G17: 909925.08 | H17: 1037929.9 | I17: 1043229.9 | J17: 1043229.9 | K17: 1046299.6 | L17: 1046299.6 | M17: 1046299.6 | N17: 1046299.6 | O17: 1046299.6 | P17: 1046299.6 | Q17: 1046299.6 | R17: 1046299.6 | S17: 1046299.6 | T17: 1046299.6 | U17: 1046299.6 | V17: 1046299.6 | W17: 1046299.6 | X17: 1046299.6 | Y17: 1046299.6 | Z17: 1046299.6 | AA17: 1046299.6 | AX17: 201812 | AY17: 529616.65 | AZ17: 712153.52 | BA17: 844102.08 | BB17: 896725.08 | BC17: 909925.08 | BD17: 1037929.9 | BE17: 1043229.9 | BF17: 1043229.9 | BG17: 1046299.6 | BH17: 1046299.6 | BI17: 1046299.6 | BJ17: 1046299.6 | BK17: 1046299.6 | BL17: 1046299.6 | BM17: 1046299.6 | BN17: 1046299.6 | BO17: 1046299.6 | BP17: 1046299.6 | BQ17: 1046299.6 | BR17: 1046299.6 | BS17: 1046299.6 | BT17: 1046299.6 | BU17: 1046299.6 | BV17: 1046299.6 | BW17: 1046299.6 | CP17: 201712 | CQ17: 608349.87 | CR17: 962919.52 | CS17: 1017800.5 | CT17: 1074284.8 | CU17: 1079397.1 | CV17: 1079397.1 | CW17: 1079397.1 | CX17: 1081997.1 | CY17: 1081997.1 | CZ17: 1081997.1 | DA17: 1087740.8 | DB17: 1087740.8 | DC17: 1087740.8 | DD17: 1087740.8 | DE17: 1087740.8 | DF17: 1087740.8 | DG17: 1087740.8 | DH17: 1087740.8 | DI17: 1087740.8 | DJ17: 1087740.8 | DK17: 1087740.8 | DL17: 1087740.8 | DM17: 1087740.8 | DN17: 1087740.8 | DO17: 1087740.8
B18: 201903 | C18: 181772.45 | D18: 1161251.3 | E18: 1542040.3 | F18: 1567720.3 | G18: 1752410.9 | H18: 1755410.9 | I18: 1755410.9 | J18: 1755410.9 | K18: 1755410.9 | L18: 1755410.9 | M18: 1755410.9 | N18: 1755410.9 | O18: 1755410.9 | P18: 1755410.9 | Q18: 1755410.9 | R18: 1825410.9 | S18: 1825410.9 | T18: 1825410.9 | U18: 1825410.9 | V18: 1825410.9 | W18: 1825410.9 | X18: 1825410.9 | Y18: 1825410.9 | Z18: 1985932.2 | AX18: 201903 | AY18: 181541.33 | AZ18: 1131975.1 | BA18: 1416931.7 | BB18: 1439406 | BC18: 1624096.6 | BD18: 1627096.6 | BE18: 1627096.6 | BF18: 1627096.6 | BG18: 1627096.6 | BH18: 1627096.6 | BI18: 1627096.6 | BJ18: 1627096.6 | BK18: 1627096.6 | BL18: 1627096.6 | BM18: 1627096.6 | BN18: 1697096.6 | BO18: 1697096.6 | BP18: 1697096.6 | BQ18: 1697096.6 | BR18: 1697096.6 | BS18: 1697096.6 | BT18: 1697096.6 | BU18: 1697096.6 | BV18: 1857617.9 | CP18: 201803 | CQ18: 3027103.7 | CR18: 3553883.9 | CS18: 3710037.2 | CT18: 3799919.6 | CU18: 3799919.6 | CV18: 3815193.3 | CW18: 3834993.3 | CX18: 3838812.3 | CY18: 3841762.3 | CZ18: 3841762.3 | DA18: 3841762.3 | DB18: 3841762.3 | DC18: 3841762.3 | DD18: 3841762.3 | DE18: 3841762.3 | DF18: 3841762.3 | DG18: 3841762.3 | DH18: 3841762.3 | DI18: 3841762.3 | DJ18: 3841762.3 | DK18: 3841762.3 | DL18: 3841762.3 | DM18: 3841762.3 | DN18: 3841762.3
B19: 201906 | C19: 380622 | D19: 955347.32 | E19: 1154492.6 | F19: 1155722.6 | G19: 1391217.4 | H19: 1410066.8 | I19: 1413035.6 | J19: 1413035.6 | K19: 1413035.6 | L19: 1413035.6 | M19: 1413035.6 | N19: 1413035.6 | O19: 1413035.6 | P19: 1413035.6 | Q19: 1413035.6 | R19: 1413035.6 | S19: 1413035.6 | T19: 1413035.6 | U19: 1413035.6 | V19: 1413035.6 | W19: 1413035.6 | X19: 1413035.6 | Y19: 1413035.6 | AX19: 201906 | AY19: 313171.21 | AZ19: 823395.75 | BA19: 988082.56 | BB19: 989312.56 | BC19: 1158382.2 | BD19: 1172926.8 | BE19: 1175004.9 | BF19: 1175004.9 | BG19: 1175004.9 | BH19: 1175004.9 | BI19: 1175004.9 | BJ19: 1175004.9 | BK19: 1175004.9 | BL19: 1175004.9 | BM19: 1175004.9 | BN19: 1175004.9 | BO19: 1175004.9 | BP19: 1175004.9 | BQ19: 1175004.9 | BR19: 1175004.9 | BS19: 1175004.9 | BT19: 1175004.9 | BU19: 1175004.9 | CP19: 201806 | CQ19: 1919334 | CR19: 3124564 | CS19: 3471147.9 | CT19: 3488098.9 | CU19: 3488498.9 | CV19: 3488498.9 | CW19: 3488498.9 | CX19: 3488498.9 | CY19: 3488498.9 | CZ19: 3488498.9 | DA19: 3488498.9 | DB19: 3488498.9 | DC19: 3488498.9 | DD19: 3488498.9 | DE19: 3488498.9 | DF19: 3488498.9 | DG19: 3488498.9 | DH19: 3488498.9 | DI19: 3488498.9 | DJ19: 3488498.9 | DK19: 3488498.9 | DL19: 3488498.9 | DM19: 3488498.9
B20: 201909 | C20: 322558.79 | D20: 1995013.9 | E20: 2052455.7 | F20: 2261343.3 | G20: 2321343.3 | H20: 2324666.8 | I20: 2324666.8 | J20: 2324666.8 | K20: 2324666.8 | L20: 2356749.7 | M20: 2356749.7 | N20: 2356749.7 | O20: 2356749.7 | P20: 2356749.7 | Q20: 2356749.7 | R20: 2356749.7 | S20: 2356749.7 | T20: 2356749.7 | U20: 2356749.7 | V20: 2356749.7 | W20: 2356749.7 | X20: 2356749.7 | AX20: 201909 | AY20: 258941.4 | AZ20: 1390893.3 | BA20: 1445192.7 | BB20: 1581781 | BC20: 1624734.2 | BD20: 1627060.6 | BE20: 1627060.6 | BF20: 1627060.6 | BG20: 1627060.6 | BH20: 1649518.6 | BI20: 1649518.6 | BJ20: 1649518.6 | BK20: 1649518.6 | BL20: 1649518.6 | BM20: 1649518.6 | BN20: 1649518.6 | BO20: 1649518.6 | BP20: 1649518.6 | BQ20: 1649518.6 | BR20: 1649518.6 | BS20: 1649518.6 | BT20: 1649518.6 | CP20: 201809 | CQ20: 946217.44 | CR20: 1628916.9 | CS20: 1688796.1 | CT20: 1693016.1 | CU20: 1693016.1 | CV20: 1752043 | CW20: 1752043 | CX20: 1755212.1 | CY20: 1755212.1 | CZ20: 1755212.1 | DA20: 1755212.1 | DB20: 1755212.1 | DC20: 1755212.1 | DD20: 1755212.1 | DE20: 1755212.1 | DF20: 1755212.1 | DG20: 1755212.1 | DH20: 1755212.1 | DI20: 1755212.1 | DJ20: 1755212.1 | DK20: 1755212.1 | DL20: 1755212.1
B21: 201912 | C21: 465392.41 | D21: 3063217.1 | E21: 3457316.2 | F21: 3492814.7 | G21: 3501187.6 | H21: 3503551.4 | I21: 3753551.4 | J21: 3755640.6 | K21: 3755640.6 | L21: 3755640.6 | M21: 3755640.6 | N21: 3755640.6 | O21: 3755640.6 | P21: 3755640.6 | Q21: 3755640.6 | R21: 3755640.6 | S21: 3755640.6 | T21: 3755640.6 | U21: 3755640.6 | V21: 3755640.6 | W21: 3755640.6 | AX21: 201912 | AY21: 341307.1 | AZ21: 2162107.7 | BA21: 2438052.1 | BB21: 2464398 | BC21: 2470259 | BD21: 2471913.7 | BE21: 2646913.7 | BF21: 2648376.2 | BG21: 2648376.2 | BH21: 2648376.2 | BI21: 2648376.2 | BJ21: 2648376.2 | BK21: 2648376.2 | BL21: 2648376.2 | BM21: 2648376.2 | BN21: 2648376.2 | BO21: 2648376.2 | BP21: 2648376.2 | BQ21: 2648376.2 | BR21: 2648376.2 | BS21: 2648376.2 | CP21: 201812 | CQ21: 529616.65 | CR21: 712153.52 | CS21: 844102.08 | CT21: 896725.08 | CU21: 909925.08 | CV21: 1037929.9 | CW21: 1043229.9 | CX21: 1043229.9 | CY21: 1046299.6 | CZ21: 1046299.6 | DA21: 1046299.6 | DB21: 1046299.6 | DC21: 1046299.6 | DD21: 1046299.6 | DE21: 1046299.6 | DF21: 1046299.6 | DG21: 1046299.6 | DH21: 1046299.6 | DI21: 1046299.6 | DJ21: 1046299.6 | DK21: 1046299.6
